merchant_record_id,merchant_id,merchant_label,merchant_category,merchant_country_code,merchant_risk_tier,onboarding_date,merchant_status,settlement_currency
MERR0000001,MER000001,SYNTH_MERCHANT_00001,GROCERY,SG,LOW,2023-03-12,ACTIVE,SGD
MERR0000002,MER000002,SYNTH_MERCHANT_00002,GROCERY,IN,LOW,2023-10-06,ACTIVE,INR
MERR0000015,MER000015,SYNTH_MERCHANT_00015,TRAVEL,IN,MEDIUM,2021-08-09,ACTIVE,INR
MERR0000018,MER000018,SYNTH_MERCHANT_00018,UTILITIES,IN,LOW,2023-09-28,ACTIVE,INR
MERR0000020,MER000020,SYNTH_MERCHANT_00020,GROCERY,SG,MEDIUM,2025-08-12,ACTIVE,SGD
MERR0000027,MER000027,SYNTH_MERCHANT_00027,UTILITIES,SG,LOW,2024-10-06,ACTIVE,SGD
MERR0000029,MER000029,SYNTH_MERCHANT_00029,ENTERTAINMENT,GB,LOW,2025-11-04,ACTIVE,GBP
MERR0000042,MER000042,SYNTH_MERCHANT_00042,EDUCATION,IN,MEDIUM,2025-11-24,ACTIVE,INR
MERR0000043,MER000043,SYNTH_MERCHANT_00043,ENTERTAINMENT,IN,MEDIUM,2024-12-22,ACTIVE,INR
MERR0000044,MER000044,SYNTH_MERCHANT_00044,EDUCATION,AE,LOW,2022-07-19,ACTIVE,AED
MERR0000045,MER000045,SYNTH_MERCHANT_00045,GROCERY,IN,LOW,2024-07-09,ACTIVE,INR
MERR0000046,MER000046,SYNTH_MERCHANT_00046,ENTERTAINMENT,US,MEDIUM,2021-09-30,ACTIVE,USD
MERR0000047,MER000047,SYNTH_MERCHANT_00047,EDUCATION,IN,LOW,2022-03-23,ACTIVE,INR
MERR0000049,MER000049,SYNTH_MERCHANT_00049,MARKETPLACE,IN,LOW,2021-05-22,ACTIVE,INR
MERR0000062,MER000062,SYNTH_MERCHANT_00062,MARKETPLACE,IN,MEDIUM,2023-03-04,ACTIVE,INR
MERR0000063,MER000063,SYNTH_MERCHANT_00063,GROCERY,IN,HIGH,2022-12-10,ACTIVE,INR
MERR0000069,MER000069,SYNTH_MERCHANT_00069,DINING,IN,MEDIUM,2025-01-02,ACTIVE,INR
MERR0000071,MER000071,SYNTH_MERCHANT_00071,FUEL,IN,LOW,2023-06-24,ACTIVE,INR
MERR0000076,MER000076,SYNTH_MERCHANT_00076,ENTERTAINMENT,IN,LOW,2023-08-08,ACTIVE,INR
MERR0000081,MER000081,SYNTH_MERCHANT_00081,HEALTHCARE,IN,LOW,2022-05-11,ACTIVE,INR
MERR0000083,MER000083,SYNTH_MERCHANT_00083,TRAVEL,IN,MEDIUM,2025-08-12,ACTIVE,INR
MERR0000085,MER000085,SYNTH_MERCHANT_00085,UTILITIES,IN,LOW,2023-03-17,ACTIVE,INR
MERR0000091,MER000091,SYNTH_MERCHANT_00091,ENTERTAINMENT,IN,LOW,2021-05-19,ACTIVE,INR
MERR0000101,MER000101,SYNTH_MERCHANT_00101,ENTERTAINMENT,IN,MEDIUM,2024-11-22,ACTIVE,INR
MERR0000109,MER000109,SYNTH_MERCHANT_00109,FUEL,IN,LOW,2022-01-20,ACTIVE,INR
MERR0000120,MER000120,SYNTH_MERCHANT_00120,EDUCATION,IN,LOW,2022-06-22,ACTIVE,INR
MERR0000121,MER000121,SYNTH_MERCHANT_00121,EDUCATION,IN,LOW,2025-09-16,ACTIVE,INR
MERR0000125,MER000125,SYNTH_MERCHANT_00125,GROCERY,IN,LOW,2023-08-22,ACTIVE,INR
MERR0000132,MER000132,SYNTH_MERCHANT_00132,UTILITIES,IN,MEDIUM,2023-07-05,ACTIVE,INR
MERR0000137,MER000137,SYNTH_MERCHANT_00137,TRAVEL,IN,MEDIUM,2021-03-13,ACTIVE,INR
MERR0000140,MER000140,SYNTH_MERCHANT_00140,TRAVEL,IN,LOW,2025-04-06,ACTIVE,INR
MERR0000144,MER000144,SYNTH_MERCHANT_00144,GROCERY,GB,LOW,2025-03-18,ACTIVE,GBP
MERR0000148,MER000148,SYNTH_MERCHANT_00148,GROCERY,US,MEDIUM,2021-05-24,ACTIVE,USD
MERR0000149,MER000149,SYNTH_MERCHANT_00149,MARKETPLACE,IN,LOW,2025-11-01,ACTIVE,INR
MERR0000151,MER000151,SYNTH_MERCHANT_00151,UTILITIES,IN,LOW,2023-01-15,ACTIVE,INR
MERR0000155,MER000155,SYNTH_MERCHANT_00155,GROCERY,IN,LOW,2022-09-22,ACTIVE,INR
MERR0000162,MER000162,SYNTH_MERCHANT_00162,EDUCATION,IN,LOW,2022-11-02,ACTIVE,INR
MERR0000163,MER000163,SYNTH_MERCHANT_00163,ENTERTAINMENT,IN,LOW,2025-10-21,ACTIVE,INR
MERR0000164,MER000164,SYNTH_MERCHANT_00164,DINING,IN,LOW,2023-08-31,ACTIVE,INR
MERR0000166,MER000166,SYNTH_MERCHANT_00166,UTILITIES,IN,LOW,2025-03-12,ACTIVE,INR
MERR0000179,MER000179,SYNTH_MERCHANT_00179,HEALTHCARE,IN,HIGH,2025-09-25,ACTIVE,INR
MERR0000185,MER000185,SYNTH_MERCHANT_00185,HEALTHCARE,IN,MEDIUM,2024-05-26,ACTIVE,INR
MERR0000186,MER000186,SYNTH_MERCHANT_00186,HEALTHCARE,IN,LOW,2022-02-24,ACTIVE,INR
MERR0000190,MER000190,SYNTH_MERCHANT_00190,TRAVEL,IN,LOW,2024-07-04,ACTIVE,INR
MERR0000196,MER000196,SYNTH_MERCHANT_00196,GROCERY,GB,LOW,2021-07-06,ACTIVE,GBP
MERR0000200,MER000200,SYNTH_MERCHANT_00200,ENTERTAINMENT,IN,HIGH,2021-06-09,ACTIVE,INR
MERR0000202,MER000202,SYNTH_MERCHANT_00202,GROCERY,IN,LOW,2022-07-25,ACTIVE,INR
MERR0000205,MER000205,SYNTH_MERCHANT_00205,DINING,IN,LOW,2024-03-20,ACTIVE,INR
MERR0000206,MER000206,SYNTH_MERCHANT_00206,UTILITIES,IN,LOW,2025-12-15,ACTIVE,INR
MERR0000211,MER000211,SYNTH_MERCHANT_00211,FUEL,IN,MEDIUM,2021-02-14,ACTIVE,INR
MERR0000218,MER000218,SYNTH_MERCHANT_00218,MARKETPLACE,IN,MEDIUM,2022-09-20,ACTIVE,INR
MERR0000220,MER000220,SYNTH_MERCHANT_00220,EDUCATION,SG,LOW,2025-11-12,ACTIVE,SGD
MERR0000232,MER000232,SYNTH_MERCHANT_00232,EDUCATION,GB,LOW,2021-11-19,ACTIVE,GBP
MERR0000237,MER000237,SYNTH_MERCHANT_00237,UTILITIES,IN,LOW,2025-03-13,ACTIVE,INR
MERR0000238,MER000238,SYNTH_MERCHANT_00238,EDUCATION,IN,MEDIUM,2023-10-10,ACTIVE,INR
MERR0000242,MER000242,SYNTH_MERCHANT_00242,GROCERY,SG,LOW,2021-08-08,ACTIVE,SGD
MERR0000246,MER000246,SYNTH_MERCHANT_00246,DINING,GB,MEDIUM,2023-02-10,ACTIVE,GBP
MERR0000247,MER000247,SYNTH_MERCHANT_00247,DINING,IN,LOW,2023-09-13,ACTIVE,INR
MERR0000248,MER000248,SYNTH_MERCHANT_00248,ENTERTAINMENT,IN,LOW,2024-02-29,ACTIVE,INR
MERR0000251,MER000251,SYNTH_MERCHANT_00251,FUEL,AE,LOW,2022-02-22,ACTIVE,AED
MERR0000252,MER000252,SYNTH_MERCHANT_00252,ENTERTAINMENT,IN,LOW,2025-02-21,ACTIVE,INR
MERR0000255,MER000255,SYNTH_MERCHANT_00255,GROCERY,SG,LOW,2024-05-30,ACTIVE,SGD
MERR0000256,MER000256,SYNTH_MERCHANT_00256,FUEL,IN,LOW,2022-03-09,ACTIVE,INR
MERR0000257,MER000257,SYNTH_MERCHANT_00257,TRAVEL,IN,LOW,2022-03-30,ACTIVE,INR
MERR0000261,MER000261,SYNTH_MERCHANT_00261,UTILITIES,IN,MEDIUM,2025-10-03,ACTIVE,INR
MERR0000262,MER000262,SYNTH_MERCHANT_00262,ELECTRONICS,IN,LOW,2023-02-01,ACTIVE,INR
MERR0000263,MER000263,SYNTH_MERCHANT_00263,HEALTHCARE,IN,LOW,2022-04-01,ACTIVE,INR
MERR0000264,MER000264,SYNTH_MERCHANT_00264,DINING,IN,LOW,2021-09-12,ACTIVE,INR
MERR0000268,MER000268,SYNTH_MERCHANT_00268,EDUCATION,IN,LOW,2024-09-21,ACTIVE,INR
MERR0000272,MER000272,SYNTH_MERCHANT_00272,EDUCATION,IN,LOW,2022-10-03,ACTIVE,INR
MERR0000273,MER000273,SYNTH_MERCHANT_00273,DINING,GB,LOW,2021-06-28,ACTIVE,GBP
MERR0000277,MER000277,SYNTH_MERCHANT_00277,ELECTRONICS,SG,LOW,2025-06-29,SUSPENDED,SGD
MERR0000278,MER000278,SYNTH_MERCHANT_00278,GROCERY,IN,MEDIUM,2021-06-20,ACTIVE,INR
MERR0000282,MER000282,SYNTH_MERCHANT_00282,FUEL,IN,LOW,2024-09-28,ACTIVE,INR
MERR0000285,MER000285,SYNTH_MERCHANT_00285,HEALTHCARE,IN,LOW,2023-03-07,ACTIVE,INR
MERR0000287,MER000287,SYNTH_MERCHANT_00287,HEALTHCARE,IN,LOW,2023-06-17,ACTIVE,INR
MERR0000288,MER000288,SYNTH_MERCHANT_00288,HEALTHCARE,IN,LOW,2023-11-13,ACTIVE,INR
MERR0000289,MER000289,SYNTH_MERCHANT_00289,ELECTRONICS,GB,LOW,2025-03-14,ACTIVE,GBP
MERR0000303,MER000303,SYNTH_MERCHANT_00303,MARKETPLACE,US,HIGH,2024-01-22,ACTIVE,USD
MERR0000305,MER000305,SYNTH_MERCHANT_00305,DINING,IN,LOW,2021-01-18,ACTIVE,INR
MERR0000309,MER000309,SYNTH_MERCHANT_00309,DINING,IN,LOW,2025-10-14,ACTIVE,INR
MERR0000311,MER000311,SYNTH_MERCHANT_00311,ENTERTAINMENT,IN,LOW,2024-03-20,ACTIVE,INR
MERR0000316,MER000316,SYNTH_MERCHANT_00316,GROCERY,IN,LOW,2023-10-20,ACTIVE,INR
MERR0000317,MER000317,SYNTH_MERCHANT_00317,GROCERY,IN,HIGH,2022-11-30,ACTIVE,INR
MERR0000318,MER000318,SYNTH_MERCHANT_00318,MARKETPLACE,IN,LOW,2021-06-21,ACTIVE,INR
MERR0000320,MER000320,SYNTH_MERCHANT_00320,ELECTRONICS,IN,MEDIUM,2021-10-11,ACTIVE,INR
MERR0000324,MER000324,SYNTH_MERCHANT_00324,ELECTRONICS,IN,MEDIUM,2021-01-01,ACTIVE,INR
MERR0000331,MER000331,SYNTH_MERCHANT_00331,ENTERTAINMENT,GB,MEDIUM,2024-10-20,ACTIVE,GBP
MERR0000333,MER000333,SYNTH_MERCHANT_00333,DINING,IN,MEDIUM,2025-02-09,ACTIVE,INR
MERR0000337,MER000337,SYNTH_MERCHANT_00337,ELECTRONICS,AE,MEDIUM,2025-01-06,ACTIVE,AED
MERR0000339,MER000339,SYNTH_MERCHANT_00339,EDUCATION,IN,MEDIUM,2022-08-26,ACTIVE,INR
MERR0000341,MER000341,SYNTH_MERCHANT_00341,DINING,IN,LOW,2023-03-21,ACTIVE,INR
MERR0000342,MER000342,SYNTH_MERCHANT_00342,UTILITIES,GB,LOW,2021-07-27,ACTIVE,GBP
MERR0000351,MER000351,SYNTH_MERCHANT_00351,EDUCATION,SG,MEDIUM,2023-03-28,ACTIVE,SGD
MERR0000353,MER000353,SYNTH_MERCHANT_00353,UTILITIES,IN,LOW,2023-07-23,ACTIVE,INR
MERR0000354,MER000354,SYNTH_MERCHANT_00354,FUEL,IN,LOW,2024-06-21,ACTIVE,INR
MERR0000355,MER000355,SYNTH_MERCHANT_00355,UTILITIES,IN,LOW,2025-11-21,ACTIVE,INR
MERR0000356,MER000356,SYNTH_MERCHANT_00356,ENTERTAINMENT,IN,LOW,2025-08-10,ACTIVE,INR
MERR0000359,MER000359,SYNTH_MERCHANT_00359,GROCERY,US,LOW,2021-12-30,ACTIVE,USD
MERR0000361,MER000361,SYNTH_MERCHANT_00361,GROCERY,IN,LOW,2022-08-11,ACTIVE,INR
MERR0000362,MER000362,SYNTH_MERCHANT_00362,ENTERTAINMENT,IN,LOW,2024-04-04,ACTIVE,INR
MERR0000364,MER000364,SYNTH_MERCHANT_00364,HEALTHCARE,GB,LOW,2021-12-21,ACTIVE,GBP
MERR0000370,MER000370,SYNTH_MERCHANT_00370,FUEL,IN,LOW,2024-06-30,ACTIVE,INR
MERR0000378,MER000378,SYNTH_MERCHANT_00378,ENTERTAINMENT,SG,MEDIUM,2023-12-07,ACTIVE,SGD
MERR0000379,MER000379,SYNTH_MERCHANT_00379,EDUCATION,IN,LOW,2024-11-14,ACTIVE,INR
MERR0000384,MER000384,SYNTH_MERCHANT_00384,EDUCATION,IN,LOW,2024-09-13,ACTIVE,INR
MERR0000385,MER000385,SYNTH_MERCHANT_00385,ELECTRONICS,IN,LOW,2025-01-31,ACTIVE,INR
MERR0000387,MER000387,SYNTH_MERCHANT_00387,FUEL,IN,LOW,2022-03-06,ACTIVE,INR
MERR0000390,MER000390,SYNTH_MERCHANT_00390,TRAVEL,IN,LOW,2021-12-12,ACTIVE,INR
MERR0000391,MER000391,SYNTH_MERCHANT_00391,ELECTRONICS,IN,LOW,2021-11-07,ACTIVE,INR
MERR0000394,MER000394,SYNTH_MERCHANT_00394,UTILITIES,IN,HIGH,2024-10-17,ACTIVE,INR
MERR0000396,MER000396,SYNTH_MERCHANT_00396,HEALTHCARE,US,LOW,2021-07-15,ACTIVE,USD
MERR0000402,MER000402,SYNTH_MERCHANT_00402,MARKETPLACE,AE,MEDIUM,2021-12-19,ACTIVE,AED
MERR0000403,MER000403,SYNTH_MERCHANT_00403,EDUCATION,IN,LOW,2025-02-15,ACTIVE,INR
MERR0000406,MER000406,SYNTH_MERCHANT_00406,GROCERY,IN,LOW,2025-11-29,ACTIVE,INR
MERR0000407,MER000407,SYNTH_MERCHANT_00407,FUEL,SG,MEDIUM,2022-03-16,ACTIVE,SGD
MERR0000408,MER000408,SYNTH_MERCHANT_00408,HEALTHCARE,IN,LOW,2025-09-27,ACTIVE,INR
MERR0000409,MER000409,SYNTH_MERCHANT_00409,GROCERY,IN,LOW,2023-07-05,ACTIVE,INR
MERR0000411,MER000411,SYNTH_MERCHANT_00411,ENTERTAINMENT,IN,LOW,2022-04-27,ACTIVE,INR
MERR0000418,MER000418,SYNTH_MERCHANT_00418,FUEL,IN,LOW,2022-04-16,ACTIVE,INR
MERR0000420,MER000420,SYNTH_MERCHANT_00420,HEALTHCARE,SG,LOW,2023-05-01,ACTIVE,SGD
MERR0000421,MER000421,SYNTH_MERCHANT_00421,FUEL,IN,MEDIUM,2023-07-14,ACTIVE,INR
MERR0000422,MER000422,SYNTH_MERCHANT_00422,ELECTRONICS,IN,MEDIUM,2024-12-25,ACTIVE,INR
MERR0000431,MER000431,SYNTH_MERCHANT_00431,ENTERTAINMENT,IN,HIGH,2024-02-08,ACTIVE,INR
MERR0000432,MER000432,SYNTH_MERCHANT_00432,FUEL,IN,LOW,2023-10-23,ACTIVE,INR
MERR0000438,MER000438,SYNTH_MERCHANT_00438,UTILITIES,IN,LOW,2022-06-24,ACTIVE,INR
MERR0000443,MER000443,SYNTH_MERCHANT_00443,HEALTHCARE,IN,LOW,2024-02-08,ACTIVE,INR
MERR0000444,MER000444,SYNTH_MERCHANT_00444,FUEL,US,LOW,2022-07-01,ACTIVE,USD
MERR0000450,MER000450,SYNTH_MERCHANT_00450,MARKETPLACE,IN,LOW,2022-02-08,ACTIVE,INR
MERR0000452,MER000452,SYNTH_MERCHANT_00452,HEALTHCARE,IN,LOW,2024-08-04,ACTIVE,INR
MERR0000460,MER000460,SYNTH_MERCHANT_00460,HEALTHCARE,IN,MEDIUM,2024-03-07,ACTIVE,INR
MERR0000461,MER000461,SYNTH_MERCHANT_00461,UTILITIES,IN,LOW,2022-12-09,ACTIVE,INR
MERR0000463,MER000463,SYNTH_MERCHANT_00463,HEALTHCARE,IN,MEDIUM,2022-07-09,ACTIVE,INR
MERR0000465,MER000465,SYNTH_MERCHANT_00465,DINING,IN,LOW,2025-01-22,ACTIVE,INR
MERR0000471,MER000471,SYNTH_MERCHANT_00471,MARKETPLACE,AE,LOW,2025-05-12,ACTIVE,AED
MERR0000472,MER000472,SYNTH_MERCHANT_00472,FUEL,GB,MEDIUM,2023-08-21,ACTIVE,GBP
MERR0000475,MER000475,SYNTH_MERCHANT_00475,GROCERY,IN,LOW,2022-12-08,ACTIVE,INR
MERR0000477,MER000477,SYNTH_MERCHANT_00477,FUEL,IN,LOW,2024-04-15,ACTIVE,INR
MERR0000478,MER000478,SYNTH_MERCHANT_00478,FUEL,IN,LOW,2023-09-05,ACTIVE,INR
MERR0000479,MER000479,SYNTH_MERCHANT_00479,EDUCATION,IN,LOW,2022-02-28,ACTIVE,INR
MERR0000481,MER000481,SYNTH_MERCHANT_00481,FUEL,IN,LOW,2023-08-28,ACTIVE,INR
MERR0000484,MER000484,SYNTH_MERCHANT_00484,TRAVEL,US,LOW,2025-03-13,SUSPENDED,USD
MERR0000485,MER000485,SYNTH_MERCHANT_00485,TRAVEL,IN,LOW,2025-02-24,ACTIVE,INR
MERR0000490,MER000490,SYNTH_MERCHANT_00490,HEALTHCARE,IN,MEDIUM,2021-05-06,ACTIVE,INR
MERR0000493,MER000493,SYNTH_MERCHANT_00493,GROCERY,IN,HIGH,2025-03-24,ACTIVE,INR
MERR0000494,MER000494,SYNTH_MERCHANT_00494,UTILITIES,IN,LOW,2025-04-26,ACTIVE,INR
MERR0000495,MER000495,SYNTH_MERCHANT_00495,TRAVEL,IN,MEDIUM,2024-08-24,ACTIVE,INR
MERR0000497,MER000497,SYNTH_MERCHANT_00497,ELECTRONICS,GB,LOW,2024-09-19,ACTIVE,GBP
MERR0000498,MER000498,SYNTH_MERCHANT_00498,ENTERTAINMENT,IN,LOW,2024-12-14,ACTIVE,INR
MERR0000502,MER000502,SYNTH_MERCHANT_00502,FUEL,IN,MEDIUM,2024-03-09,ACTIVE,INR
MERR0000505,MER000505,SYNTH_MERCHANT_00505,GROCERY,IN,LOW,2021-05-21,ACTIVE,INR
MERR0000510,MER000510,SYNTH_MERCHANT_00510,HEALTHCARE,IN,HIGH,2025-02-17,ACTIVE,INR
MERR0000513,MER000513,SYNTH_MERCHANT_00513,TRAVEL,IN,MEDIUM,2025-09-18,ACTIVE,INR
MERR0000519,MER000519,SYNTH_MERCHANT_00519,ENTERTAINMENT,US,LOW,2025-07-02,ACTIVE,USD
MERR0000522,MER000522,SYNTH_MERCHANT_00522,FUEL,US,LOW,2022-01-26,ACTIVE,USD
MERR0000527,MER000527,SYNTH_MERCHANT_00527,GROCERY,IN,LOW,2025-07-10,ACTIVE,INR
MERR0000528,MER000528,SYNTH_MERCHANT_00528,DINING,IN,LOW,2025-04-20,ACTIVE,INR
MERR0000529,MER000529,SYNTH_MERCHANT_00529,ELECTRONICS,IN,MEDIUM,2022-09-17,ACTIVE,INR
MERR0000534,MER000534,SYNTH_MERCHANT_00534,ELECTRONICS,IN,LOW,2022-08-10,ACTIVE,INR
MERR0000537,MER000537,SYNTH_MERCHANT_00537,GROCERY,IN,MEDIUM,2025-04-18,ACTIVE,INR
MERR0000541,MER000541,SYNTH_MERCHANT_00541,FUEL,GB,LOW,2022-05-23,ACTIVE,GBP
MERR0000542,MER000542,SYNTH_MERCHANT_00542,ENTERTAINMENT,IN,MEDIUM,2024-11-27,ACTIVE,INR
MERR0000546,MER000546,SYNTH_MERCHANT_00546,DINING,SG,MEDIUM,2021-09-28,ACTIVE,SGD
MERR0000549,MER000549,SYNTH_MERCHANT_00549,TRAVEL,US,LOW,2021-09-21,ACTIVE,USD
MERR0000557,MER000557,SYNTH_MERCHANT_00557,FUEL,IN,LOW,2024-10-25,ACTIVE,INR
MERR0000558,MER000558,SYNTH_MERCHANT_00558,DINING,IN,LOW,2025-05-15,ACTIVE,INR
MERR0000559,MER000559,SYNTH_MERCHANT_00559,TRAVEL,IN,LOW,2023-12-28,ACTIVE,INR
MERR0000564,MER000564,SYNTH_MERCHANT_00564,GROCERY,US,LOW,2022-06-20,ACTIVE,USD
MERR0000566,MER000566,SYNTH_MERCHANT_00566,TRAVEL,GB,LOW,2021-12-20,ACTIVE,GBP
MERR0000568,MER000568,SYNTH_MERCHANT_00568,ENTERTAINMENT,IN,MEDIUM,2022-04-25,ACTIVE,INR
MERR0000570,MER000570,SYNTH_MERCHANT_00570,FUEL,IN,LOW,2024-08-15,ACTIVE,INR
MERR0000572,MER000572,SYNTH_MERCHANT_00572,ENTERTAINMENT,IN,LOW,2025-04-07,ACTIVE,INR
MERR0000575,MER000575,SYNTH_MERCHANT_00575,ELECTRONICS,IN,LOW,2025-12-04,ACTIVE,INR
MERR0000579,MER000579,SYNTH_MERCHANT_00579,FUEL,IN,MEDIUM,2022-08-31,ACTIVE,INR
MERR0000580,MER000580,SYNTH_MERCHANT_00580,FUEL,SG,LOW,2023-03-09,ACTIVE,SGD
MERR0000585,MER000585,SYNTH_MERCHANT_00585,UTILITIES,IN,LOW,2023-04-07,ACTIVE,INR
MERR0000589,MER000589,SYNTH_MERCHANT_00589,GROCERY,AE,MEDIUM,2025-08-26,ACTIVE,AED
MERR0000590,MER000590,SYNTH_MERCHANT_00590,TRAVEL,US,LOW,2022-06-14,ACTIVE,USD
MERR0000591,MER000591,SYNTH_MERCHANT_00591,MARKETPLACE,US,LOW,2025-06-22,ACTIVE,USD
MERR0000592,MER000592,SYNTH_MERCHANT_00592,ENTERTAINMENT,IN,HIGH,2025-09-03,ACTIVE,INR
MERR0000597,MER000597,SYNTH_MERCHANT_00597,ELECTRONICS,GB,MEDIUM,2023-11-21,ACTIVE,GBP
MERR0000598,MER000598,SYNTH_MERCHANT_00598,ENTERTAINMENT,IN,MEDIUM,2025-11-02,ACTIVE,INR
MERR0000599,MER000599,SYNTH_MERCHANT_00599,DINING,IN,LOW,2022-03-25,ACTIVE,INR
MERR0000600,MER000600,SYNTH_MERCHANT_00600,TRAVEL,IN,MEDIUM,2025-04-14,ACTIVE,INR
MERR0000603,MER000603,SYNTH_MERCHANT_00603,MARKETPLACE,IN,LOW,2025-03-29,ACTIVE,INR
MERR0000609,MER000609,SYNTH_MERCHANT_00609,FUEL,IN,LOW,2021-02-28,ACTIVE,INR
MERR0000610,MER000610,SYNTH_MERCHANT_00610,TRAVEL,IN,MEDIUM,2024-10-23,ACTIVE,INR
MERR0000615,MER000615,SYNTH_MERCHANT_00615,GROCERY,AE,LOW,2022-09-13,ACTIVE,AED
MERR0000626,MER000626,SYNTH_MERCHANT_00626,ENTERTAINMENT,IN,LOW,2024-03-27,ACTIVE,INR
MERR0000628,MER000628,SYNTH_MERCHANT_00628,MARKETPLACE,IN,LOW,2021-02-25,ACTIVE,INR
MERR0000635,MER000635,SYNTH_MERCHANT_00635,ENTERTAINMENT,IN,MEDIUM,2024-12-29,ACTIVE,INR
MERR0000636,MER000636,SYNTH_MERCHANT_00636,EDUCATION,AE,LOW,2023-04-25,ACTIVE,AED
MERR0000637,MER000637,SYNTH_MERCHANT_00637,UTILITIES,IN,LOW,2021-01-03,ACTIVE,INR
MERR0000638,MER000638,SYNTH_MERCHANT_00638,MARKETPLACE,IN,LOW,2022-08-14,ACTIVE,INR
MERR0000639,MER000639,SYNTH_MERCHANT_00639,ENTERTAINMENT,AE,LOW,2024-06-27,ACTIVE,AED
MERR0000644,MER000644,SYNTH_MERCHANT_00644,ELECTRONICS,IN,LOW,2022-09-13,ACTIVE,INR
MERR0000645,MER000645,SYNTH_MERCHANT_00645,ELECTRONICS,IN,MEDIUM,2025-06-07,ACTIVE,INR
MERR0000657,MER000657,SYNTH_MERCHANT_00657,HEALTHCARE,IN,LOW,2021-05-29,ACTIVE,INR
MERR0000664,MER000664,SYNTH_MERCHANT_00664,GROCERY,IN,LOW,2023-08-24,ACTIVE,INR
MERR0000666,MER000666,SYNTH_MERCHANT_00666,ELECTRONICS,IN,LOW,2025-08-05,ACTIVE,INR
MERR0000668,MER000668,SYNTH_MERCHANT_00668,DINING,IN,LOW,2022-09-04,ACTIVE,INR
MERR0000669,MER000669,SYNTH_MERCHANT_00669,MARKETPLACE,SG,LOW,2024-08-24,ACTIVE,SGD
MERR0000671,MER000671,SYNTH_MERCHANT_00671,HEALTHCARE,IN,MEDIUM,2022-08-29,ACTIVE,INR
MERR0000674,MER000674,SYNTH_MERCHANT_00674,DINING,US,MEDIUM,2025-11-06,ACTIVE,USD
MERR0000677,MER000677,SYNTH_MERCHANT_00677,UTILITIES,IN,LOW,2023-03-03,ACTIVE,INR
MERR0000679,MER000679,SYNTH_MERCHANT_00679,UTILITIES,AE,LOW,2024-04-08,ACTIVE,AED
MERR0000685,MER000685,SYNTH_MERCHANT_00685,HEALTHCARE,IN,MEDIUM,2025-08-30,ACTIVE,INR
MERR0000687,MER000687,SYNTH_MERCHANT_00687,UTILITIES,GB,LOW,2022-02-17,ACTIVE,GBP
MERR0000693,MER000693,SYNTH_MERCHANT_00693,UTILITIES,IN,LOW,2023-07-23,ACTIVE,INR
MERR0000696,MER000696,SYNTH_MERCHANT_00696,MARKETPLACE,IN,MEDIUM,2021-11-24,ACTIVE,INR
MERR0000700,MER000700,SYNTH_MERCHANT_00700,MARKETPLACE,IN,MEDIUM,2024-10-24,ACTIVE,INR
MERR0000703,MER000703,SYNTH_MERCHANT_00703,EDUCATION,IN,LOW,2024-03-02,ACTIVE,INR
MERR0000704,MER000704,SYNTH_MERCHANT_00704,TRAVEL,IN,MEDIUM,2025-12-08,ACTIVE,INR
MERR0000707,MER000707,SYNTH_MERCHANT_00707,UTILITIES,IN,LOW,2021-02-05,ACTIVE,INR
MERR0000708,MER000708,SYNTH_MERCHANT_00708,HEALTHCARE,IN,LOW,2021-12-07,ACTIVE,INR
MERR0000712,MER000712,SYNTH_MERCHANT_00712,FUEL,IN,MEDIUM,2024-03-24,ACTIVE,INR
MERR0000713,MER000713,SYNTH_MERCHANT_00713,MARKETPLACE,US,LOW,2024-05-14,ACTIVE,USD
MERR0000714,MER000714,SYNTH_MERCHANT_00714,UTILITIES,AE,MEDIUM,2022-01-22,ACTIVE,AED
MERR0000716,MER000716,SYNTH_MERCHANT_00716,TRAVEL,IN,LOW,2023-04-05,ACTIVE,INR
MERR0000717,MER000717,SYNTH_MERCHANT_00717,ENTERTAINMENT,IN,LOW,2022-10-25,ACTIVE,INR
MERR0000718,MER000718,SYNTH_MERCHANT_00718,MARKETPLACE,GB,LOW,2025-05-20,ACTIVE,GBP
MERR0000722,MER000722,SYNTH_MERCHANT_00722,TRAVEL,IN,LOW,2025-04-11,ACTIVE,INR
MERR0000730,MER000730,SYNTH_MERCHANT_00730,GROCERY,SG,LOW,2025-09-10,ACTIVE,SGD
MERR0000732,MER000732,SYNTH_MERCHANT_00732,UTILITIES,IN,LOW,2023-12-09,ACTIVE,INR
MERR0000734,MER000734,SYNTH_MERCHANT_00734,FUEL,SG,LOW,2023-06-07,ACTIVE,SGD
MERR0000737,MER000737,SYNTH_MERCHANT_00737,DINING,IN,LOW,2023-09-06,ACTIVE,INR
MERR0000742,MER000742,SYNTH_MERCHANT_00742,DINING,IN,MEDIUM,2021-12-02,ACTIVE,INR
MERR0000749,MER000749,SYNTH_MERCHANT_00749,FUEL,IN,MEDIUM,2025-04-02,ACTIVE,INR
MERR0000750,MER000750,SYNTH_MERCHANT_00750,HEALTHCARE,SG,LOW,2024-10-31,ACTIVE,SGD
MERR0000751,MER000751,SYNTH_MERCHANT_00751,ENTERTAINMENT,US,LOW,2021-02-05,ACTIVE,USD
MERR0000757,MER000757,SYNTH_MERCHANT_00757,ENTERTAINMENT,IN,MEDIUM,2025-03-24,ACTIVE,INR
MERR0000763,MER000763,SYNTH_MERCHANT_00763,GROCERY,IN,LOW,2022-12-04,ACTIVE,INR
MERR0000768,MER000768,SYNTH_MERCHANT_00768,HEALTHCARE,IN,MEDIUM,2022-03-11,ACTIVE,INR
MERR0000773,MER000773,SYNTH_MERCHANT_00773,ELECTRONICS,IN,LOW,2022-09-17,ACTIVE,INR
MERR0000775,MER000775,SYNTH_MERCHANT_00775,MARKETPLACE,IN,HIGH,2021-09-05,ACTIVE,INR
MERR0000779,MER000779,SYNTH_MERCHANT_00779,ENTERTAINMENT,GB,LOW,2025-11-26,ACTIVE,GBP
MERR0000780,MER000780,SYNTH_MERCHANT_00780,UTILITIES,US,LOW,2022-02-06,ACTIVE,USD
MERR0000781,MER000781,SYNTH_MERCHANT_00781,DINING,IN,LOW,2023-03-31,ACTIVE,INR
MERR0000787,MER000787,SYNTH_MERCHANT_00787,MARKETPLACE,SG,LOW,2023-11-25,ACTIVE,SGD
MERR0000800,MER000800,SYNTH_MERCHANT_00800,MARKETPLACE,IN,LOW,2022-10-13,ACTIVE,INR
MERR0000801,MER000801,SYNTH_MERCHANT_00801,FUEL,IN,LOW,2023-09-28,REVIEW,INR
MERR0000802,MER000802,SYNTH_MERCHANT_00802,MARKETPLACE,IN,LOW,2023-10-16,ACTIVE,INR
MERR0000804,MER000804,SYNTH_MERCHANT_00804,FUEL,IN,LOW,2022-11-17,ACTIVE,INR
MERR0000805,MER000805,SYNTH_MERCHANT_00805,GROCERY,IN,MEDIUM,2025-12-27,ACTIVE,INR
MERR0000807,MER000807,SYNTH_MERCHANT_00807,ENTERTAINMENT,IN,LOW,2025-09-11,ACTIVE,INR
MERR0000808,MER000808,SYNTH_MERCHANT_00808,MARKETPLACE,IN,HIGH,2021-05-31,ACTIVE,INR
MERR0000811,MER000811,SYNTH_MERCHANT_00811,ENTERTAINMENT,US,MEDIUM,2024-09-04,ACTIVE,USD
MERR0000813,MER000813,SYNTH_MERCHANT_00813,ENTERTAINMENT,IN,LOW,2023-04-30,ACTIVE,INR
MERR0000816,MER000816,SYNTH_MERCHANT_00816,FUEL,US,LOW,2024-01-11,ACTIVE,USD
MERR0000820,MER000820,SYNTH_MERCHANT_00820,TRAVEL,IN,HIGH,2023-03-18,ACTIVE,INR
MERR0000823,MER000823,SYNTH_MERCHANT_00823,UTILITIES,US,LOW,2023-01-19,ACTIVE,USD
MERR0000829,MER000829,SYNTH_MERCHANT_00829,EDUCATION,IN,LOW,2023-05-25,ACTIVE,INR
MERR0000831,MER000831,SYNTH_MERCHANT_00831,EDUCATION,US,LOW,2022-01-19,ACTIVE,USD
MERR0000839,MER000839,SYNTH_MERCHANT_00839,EDUCATION,US,LOW,2022-08-04,ACTIVE,USD
MERR0000842,MER000842,SYNTH_MERCHANT_00842,GROCERY,US,MEDIUM,2021-09-21,ACTIVE,USD
MERR0000849,MER000849,SYNTH_MERCHANT_00849,DINING,IN,LOW,2021-10-14,ACTIVE,INR
MERR0000851,MER000851,SYNTH_MERCHANT_00851,EDUCATION,GB,LOW,2025-05-06,ACTIVE,GBP
MERR0000852,MER000852,SYNTH_MERCHANT_00852,DINING,IN,LOW,2021-05-01,ACTIVE,INR
MERR0000856,MER000856,SYNTH_MERCHANT_00856,EDUCATION,IN,LOW,2024-07-21,ACTIVE,INR
MERR0000858,MER000858,SYNTH_MERCHANT_00858,FUEL,IN,LOW,2024-09-03,ACTIVE,INR
MERR0000875,MER000875,SYNTH_MERCHANT_00875,MARKETPLACE,IN,LOW,2023-07-17,ACTIVE,INR
MERR0000880,MER000880,SYNTH_MERCHANT_00880,EDUCATION,IN,LOW,2021-12-26,ACTIVE,INR
MERR0000881,MER000881,SYNTH_MERCHANT_00881,TRAVEL,IN,LOW,2022-11-17,ACTIVE,INR
MERR0000882,MER000882,SYNTH_MERCHANT_00882,GROCERY,IN,LOW,2022-02-13,ACTIVE,INR
MERR0000888,MER000888,SYNTH_MERCHANT_00888,HEALTHCARE,IN,LOW,2025-05-22,ACTIVE,INR
MERR0000889,MER000889,SYNTH_MERCHANT_00889,GROCERY,IN,LOW,2022-03-29,ACTIVE,INR
MERR0000890,MER000890,SYNTH_MERCHANT_00890,HEALTHCARE,AE,LOW,2022-10-30,ACTIVE,AED
MERR0000892,MER000892,SYNTH_MERCHANT_00892,ELECTRONICS,SG,LOW,2022-03-20,ACTIVE,SGD
MERR0000896,MER000896,SYNTH_MERCHANT_00896,DINING,IN,MEDIUM,2023-10-03,ACTIVE,INR
MERR0000897,MER000897,SYNTH_MERCHANT_00897,HEALTHCARE,SG,LOW,2023-11-29,ACTIVE,SGD
MERR0000899,MER000899,SYNTH_MERCHANT_00899,DINING,IN,MEDIUM,2024-09-13,ACTIVE,INR
MERR0000900,MER000900,SYNTH_MERCHANT_00900,FUEL,IN,LOW,2024-05-25,ACTIVE,INR
MERR0000911,MER000911,SYNTH_MERCHANT_00911,EDUCATION,IN,HIGH,2025-06-01,ACTIVE,INR
MERR0000914,MER000914,SYNTH_MERCHANT_00914,MARKETPLACE,SG,MEDIUM,2024-05-05,ACTIVE,SGD
MERR0000922,MER000922,SYNTH_MERCHANT_00922,ENTERTAINMENT,IN,LOW,2025-06-09,ACTIVE,INR
MERR0000923,MER000923,SYNTH_MERCHANT_00923,HEALTHCARE,GB,LOW,2024-12-12,ACTIVE,GBP
MERR0000925,MER000925,SYNTH_MERCHANT_00925,ENTERTAINMENT,GB,MEDIUM,2024-05-02,ACTIVE,GBP
MERR0000928,MER000928,SYNTH_MERCHANT_00928,GROCERY,SG,LOW,2025-08-15,ACTIVE,SGD
MERR0000933,MER000933,SYNTH_MERCHANT_00933,GROCERY,IN,MEDIUM,2025-03-21,ACTIVE,INR
MERR0000934,MER000934,SYNTH_MERCHANT_00934,DINING,IN,MEDIUM,2025-06-09,ACTIVE,INR
MERR0000936,MER000936,SYNTH_MERCHANT_00936,ENTERTAINMENT,US,MEDIUM,2023-03-08,ACTIVE,USD
MERR0000939,MER000939,SYNTH_MERCHANT_00939,GROCERY,IN,LOW,2022-11-25,ACTIVE,INR
MERR0000944,MER000944,SYNTH_MERCHANT_00944,ENTERTAINMENT,IN,LOW,2022-08-24,ACTIVE,INR
MERR0000947,MER000947,SYNTH_MERCHANT_00947,GROCERY,SG,LOW,2023-11-19,ACTIVE,SGD
MERR0000950,MER000950,SYNTH_MERCHANT_00950,FUEL,IN,MEDIUM,2021-08-23,ACTIVE,INR
MERR0000951,MER000951,SYNTH_MERCHANT_00951,ENTERTAINMENT,GB,LOW,2023-07-11,ACTIVE,GBP
MERR0000960,MER000960,SYNTH_MERCHANT_00960,GROCERY,IN,LOW,2022-12-08,ACTIVE,INR
MERR0000963,MER000963,SYNTH_MERCHANT_00963,DINING,SG,LOW,2022-01-12,ACTIVE,SGD
MERR0000964,MER000964,SYNTH_MERCHANT_00964,EDUCATION,US,LOW,2023-10-24,ACTIVE,USD
MERR0000965,MER000965,SYNTH_MERCHANT_00965,ELECTRONICS,IN,HIGH,2023-06-09,ACTIVE,INR
MERR0000969,MER000969,SYNTH_MERCHANT_00969,MARKETPLACE,US,LOW,2022-06-16,ACTIVE,USD
MERR0000970,MER000970,SYNTH_MERCHANT_00970,DINING,IN,LOW,2022-09-08,ACTIVE,INR
MERR0000971,MER000971,SYNTH_MERCHANT_00971,MARKETPLACE,IN,LOW,2022-11-29,ACTIVE,INR
MERR0000973,MER000973,SYNTH_MERCHANT_00973,ENTERTAINMENT,US,LOW,2022-02-05,ACTIVE,USD
MERR0000974,MER000974,SYNTH_MERCHANT_00974,HEALTHCARE,US,LOW,2021-10-21,ACTIVE,USD
MERR0000976,MER000976,SYNTH_MERCHANT_00976,FUEL,IN,MEDIUM,2023-12-09,ACTIVE,INR
MERR0000985,MER000985,SYNTH_MERCHANT_00985,FUEL,GB,MEDIUM,2025-01-15,REVIEW,GBP
MERR0000987,MER000987,SYNTH_MERCHANT_00987,EDUCATION,IN,LOW,2022-01-07,ACTIVE,INR
MERR0000988,MER000988,SYNTH_MERCHANT_00988,EDUCATION,GB,LOW,2022-09-26,ACTIVE,GBP
MERR0000989,MER000989,SYNTH_MERCHANT_00989,UTILITIES,IN,LOW,2021-04-04,ACTIVE,INR
MERR0000990,MER000990,SYNTH_MERCHANT_00990,GROCERY,IN,MEDIUM,2023-07-24,ACTIVE,INR
MERR0000991,MER000991,SYNTH_MERCHANT_00991,EDUCATION,IN,LOW,2022-11-17,ACTIVE,INR
MERR0000992,MER000992,SYNTH_MERCHANT_00992,ENTERTAINMENT,IN,LOW,2025-12-27,ACTIVE,INR
MERR0000996,MER000996,SYNTH_MERCHANT_00996,HEALTHCARE,IN,MEDIUM,2021-05-27,ACTIVE,INR
MERR0000998,MER000998,SYNTH_MERCHANT_00998,EDUCATION,IN,LOW,2021-03-03,ACTIVE,INR
MERR0001002,MER001002,SYNTH_MERCHANT_01002,TRAVEL,IN,LOW,2022-08-10,ACTIVE,INR
MERR0001003,MER001003,SYNTH_MERCHANT_01003,ENTERTAINMENT,IN,LOW,2023-10-14,ACTIVE,INR
MERR0001010,MER001010,SYNTH_MERCHANT_01010,ENTERTAINMENT,IN,LOW,2025-04-18,ACTIVE,INR
MERR0001012,MER001012,SYNTH_MERCHANT_01012,FUEL,US,LOW,2025-09-08,ACTIVE,USD
MERR0001013,MER001013,SYNTH_MERCHANT_01013,DINING,IN,LOW,2021-01-01,ACTIVE,INR
MERR0001032,MER001032,SYNTH_MERCHANT_01032,MARKETPLACE,IN,MEDIUM,2023-03-20,ACTIVE,INR
MERR0001033,MER001033,SYNTH_MERCHANT_01033,DINING,SG,LOW,2025-12-15,ACTIVE,SGD
MERR0001039,MER001039,SYNTH_MERCHANT_01039,EDUCATION,IN,LOW,2022-12-15,ACTIVE,INR
MERR0001042,MER001042,SYNTH_MERCHANT_01042,HEALTHCARE,IN,LOW,2022-08-11,ACTIVE,INR
MERR0001043,MER001043,SYNTH_MERCHANT_01043,HEALTHCARE,IN,LOW,2023-08-31,ACTIVE,INR
MERR0001048,MER001048,SYNTH_MERCHANT_01048,GROCERY,IN,LOW,2021-12-21,ACTIVE,INR
MERR0001050,MER001050,SYNTH_MERCHANT_01050,ELECTRONICS,AE,MEDIUM,2025-03-10,ACTIVE,AED
MERR0001051,MER001051,SYNTH_MERCHANT_01051,GROCERY,IN,LOW,2022-01-09,ACTIVE,INR
MERR0001052,MER001052,SYNTH_MERCHANT_01052,MARKETPLACE,IN,LOW,2022-08-04,ACTIVE,INR
MERR0001054,MER001054,SYNTH_MERCHANT_01054,HEALTHCARE,AE,LOW,2022-03-22,ACTIVE,AED
MERR0001055,MER001055,SYNTH_MERCHANT_01055,MARKETPLACE,IN,LOW,2023-09-29,ACTIVE,INR
MERR0001059,MER001059,SYNTH_MERCHANT_01059,TRAVEL,IN,LOW,2025-01-11,REVIEW,INR
MERR0001063,MER001063,SYNTH_MERCHANT_01063,EDUCATION,IN,LOW,2021-07-16,ACTIVE,INR
MERR0001064,MER001064,SYNTH_MERCHANT_01064,DINING,IN,LOW,2022-10-30,ACTIVE,INR
MERR0001065,MER001065,SYNTH_MERCHANT_01065,DINING,IN,LOW,2024-07-18,ACTIVE,INR
MERR0001072,MER001072,SYNTH_MERCHANT_01072,FUEL,IN,MEDIUM,2025-12-21,ACTIVE,INR
MERR0001073,MER001073,SYNTH_MERCHANT_01073,ENTERTAINMENT,SG,LOW,2024-09-18,ACTIVE,SGD
MERR0001074,MER001074,SYNTH_MERCHANT_01074,ENTERTAINMENT,IN,LOW,2021-01-31,ACTIVE,INR
MERR0001075,MER001075,SYNTH_MERCHANT_01075,GROCERY,IN,HIGH,2025-09-30,ACTIVE,INR
MERR0001082,MER001082,SYNTH_MERCHANT_01082,EDUCATION,US,HIGH,2023-09-06,ACTIVE,USD
MERR0001092,MER001092,SYNTH_MERCHANT_01092,HEALTHCARE,SG,LOW,2025-01-18,ACTIVE,SGD
MERR0001093,MER001093,SYNTH_MERCHANT_01093,FUEL,IN,LOW,2024-09-06,ACTIVE,INR
MERR0001095,MER001095,SYNTH_MERCHANT_01095,ENTERTAINMENT,US,LOW,2024-07-31,ACTIVE,USD
MERR0001096,MER001096,SYNTH_MERCHANT_01096,ENTERTAINMENT,IN,MEDIUM,2025-08-25,ACTIVE,INR
MERR0001099,MER001099,SYNTH_MERCHANT_01099,DINING,IN,LOW,2025-03-01,ACTIVE,INR
MERR0001100,MER001100,SYNTH_MERCHANT_01100,ENTERTAINMENT,IN,MEDIUM,2022-06-16,ACTIVE,INR
MERR0001101,MER001101,SYNTH_MERCHANT_01101,ELECTRONICS,IN,LOW,2022-05-31,ACTIVE,INR
MERR0001102,MER001102,SYNTH_MERCHANT_01102,ELECTRONICS,IN,LOW,2023-01-26,ACTIVE,INR
MERR0001104,MER001104,SYNTH_MERCHANT_01104,ELECTRONICS,GB,LOW,2025-04-22,ACTIVE,GBP
MERR0001106,MER001106,SYNTH_MERCHANT_01106,FUEL,GB,LOW,2025-09-29,ACTIVE,GBP
MERR0001110,MER001110,SYNTH_MERCHANT_01110,GROCERY,IN,LOW,2022-02-08,ACTIVE,INR
MERR0001112,MER001112,SYNTH_MERCHANT_01112,GROCERY,US,LOW,2025-07-27,ACTIVE,USD
MERR0001117,MER001117,SYNTH_MERCHANT_01117,DINING,US,MEDIUM,2022-03-21,ACTIVE,USD
MERR0001121,MER001121,SYNTH_MERCHANT_01121,DINING,IN,LOW,2023-01-26,ACTIVE,INR
MERR0001128,MER001128,SYNTH_MERCHANT_01128,FUEL,US,LOW,2021-08-29,ACTIVE,USD
MERR0001129,MER001129,SYNTH_MERCHANT_01129,DINING,IN,LOW,2024-07-29,ACTIVE,INR
MERR0001130,MER001130,SYNTH_MERCHANT_01130,ELECTRONICS,AE,LOW,2022-09-11,ACTIVE,AED
MERR0001133,MER001133,SYNTH_MERCHANT_01133,TRAVEL,GB,HIGH,2021-10-22,ACTIVE,GBP
MERR0001140,MER001140,SYNTH_MERCHANT_01140,MARKETPLACE,GB,MEDIUM,2022-04-07,ACTIVE,GBP
MERR0001144,MER001144,SYNTH_MERCHANT_01144,HEALTHCARE,GB,LOW,2022-10-09,ACTIVE,GBP
MERR0001145,MER001145,SYNTH_MERCHANT_01145,TRAVEL,IN,MEDIUM,2025-02-13,ACTIVE,INR
MERR0001146,MER001146,SYNTH_MERCHANT_01146,HEALTHCARE,IN,LOW,2022-03-23,ACTIVE,INR
MERR0001148,MER001148,SYNTH_MERCHANT_01148,EDUCATION,SG,LOW,2021-06-13,ACTIVE,SGD
MERR0001149,MER001149,SYNTH_MERCHANT_01149,EDUCATION,IN,MEDIUM,2021-09-12,ACTIVE,INR
MERR0001150,MER001150,SYNTH_MERCHANT_01150,ENTERTAINMENT,SG,LOW,2021-05-27,ACTIVE,SGD
MERR0001153,MER001153,SYNTH_MERCHANT_01153,GROCERY,AE,MEDIUM,2023-04-03,ACTIVE,AED
MERR0001164,MER001164,SYNTH_MERCHANT_01164,TRAVEL,GB,LOW,2022-09-10,ACTIVE,GBP
MERR0001166,MER001166,SYNTH_MERCHANT_01166,GROCERY,IN,MEDIUM,2024-03-14,ACTIVE,INR
MERR0001172,MER001172,SYNTH_MERCHANT_01172,DINING,IN,LOW,2022-03-09,ACTIVE,INR
MERR0001177,MER001177,SYNTH_MERCHANT_01177,ENTERTAINMENT,IN,MEDIUM,2022-07-10,ACTIVE,INR
MERR0001178,MER001178,SYNTH_MERCHANT_01178,UTILITIES,SG,LOW,2025-02-23,ACTIVE,SGD
MERR0001185,MER001185,SYNTH_MERCHANT_01185,ENTERTAINMENT,IN,LOW,2024-05-15,ACTIVE,INR
MERR0001186,MER001186,SYNTH_MERCHANT_01186,DINING,AE,LOW,2023-07-31,ACTIVE,AED
MERR0001188,MER001188,SYNTH_MERCHANT_01188,EDUCATION,SG,LOW,2023-02-13,ACTIVE,SGD
MERR0001194,MER001194,SYNTH_MERCHANT_01194,MARKETPLACE,IN,LOW,2025-02-16,ACTIVE,INR
MERR0001199,MER001199,SYNTH_MERCHANT_01199,TRAVEL,IN,MEDIUM,2024-07-12,ACTIVE,INR
MERR0001202,MER001202,SYNTH_MERCHANT_01202,DINING,IN,LOW,2023-01-12,ACTIVE,INR
MERR0001204,MER001204,SYNTH_MERCHANT_01204,FUEL,IN,LOW,2025-04-07,ACTIVE,INR
MERR0001215,MER001215,SYNTH_MERCHANT_01215,EDUCATION,IN,LOW,2024-05-23,ACTIVE,INR
MERR0001219,MER001219,SYNTH_MERCHANT_01219,HEALTHCARE,IN,LOW,2021-11-26,ACTIVE,INR
MERR0001223,MER001223,SYNTH_MERCHANT_01223,ENTERTAINMENT,IN,LOW,2024-10-30,ACTIVE,INR
MERR0001227,MER001227,SYNTH_MERCHANT_01227,TRAVEL,IN,HIGH,2021-10-03,ACTIVE,INR
MERR0001229,MER001229,SYNTH_MERCHANT_01229,MARKETPLACE,IN,LOW,2024-01-07,ACTIVE,INR
MERR0001233,MER001233,SYNTH_MERCHANT_01233,MARKETPLACE,IN,MEDIUM,2023-07-27,ACTIVE,INR
MERR0001234,MER001234,SYNTH_MERCHANT_01234,FUEL,IN,LOW,2023-11-06,ACTIVE,INR
MERR0001237,MER001237,SYNTH_MERCHANT_01237,UTILITIES,IN,LOW,2021-10-16,ACTIVE,INR
MERR0001243,MER001243,SYNTH_MERCHANT_01243,HEALTHCARE,IN,MEDIUM,2025-04-17,ACTIVE,INR
MERR0001247,MER001247,SYNTH_MERCHANT_01247,FUEL,IN,MEDIUM,2023-01-21,ACTIVE,INR
MERR0001256,MER001256,SYNTH_MERCHANT_01256,ELECTRONICS,IN,LOW,2021-09-21,ACTIVE,INR
MERR0001257,MER001257,SYNTH_MERCHANT_01257,MARKETPLACE,IN,MEDIUM,2024-02-25,ACTIVE,INR
MERR0001260,MER001260,SYNTH_MERCHANT_01260,ENTERTAINMENT,IN,LOW,2022-03-09,ACTIVE,INR
MERR0001282,MER001282,SYNTH_MERCHANT_01282,EDUCATION,IN,LOW,2021-05-20,ACTIVE,INR
MERR0001284,MER001284,SYNTH_MERCHANT_01284,EDUCATION,US,LOW,2023-07-11,ACTIVE,USD
MERR0001289,MER001289,SYNTH_MERCHANT_01289,FUEL,IN,LOW,2021-05-15,ACTIVE,INR
MERR0001297,MER001297,SYNTH_MERCHANT_01297,UTILITIES,GB,LOW,2024-09-23,ACTIVE,GBP
MERR0001302,MER001302,SYNTH_MERCHANT_01302,EDUCATION,IN,MEDIUM,2022-12-14,ACTIVE,INR
MERR0001304,MER001304,SYNTH_MERCHANT_01304,ENTERTAINMENT,SG,LOW,2025-07-01,ACTIVE,SGD
MERR0001305,MER001305,SYNTH_MERCHANT_01305,ENTERTAINMENT,IN,MEDIUM,2025-09-15,ACTIVE,INR
MERR0001308,MER001308,SYNTH_MERCHANT_01308,ENTERTAINMENT,SG,LOW,2023-10-25,ACTIVE,SGD
MERR0001313,MER001313,SYNTH_MERCHANT_01313,UTILITIES,AE,LOW,2021-09-28,ACTIVE,AED
MERR0001318,MER001318,SYNTH_MERCHANT_01318,EDUCATION,IN,LOW,2024-06-16,SUSPENDED,INR
MERR0001321,MER001321,SYNTH_MERCHANT_01321,TRAVEL,IN,MEDIUM,2024-09-27,ACTIVE,INR
MERR0001324,MER001324,SYNTH_MERCHANT_01324,UTILITIES,US,MEDIUM,2023-11-27,ACTIVE,USD
MERR0001328,MER001328,SYNTH_MERCHANT_01328,DINING,IN,MEDIUM,2025-03-13,ACTIVE,INR
MERR0001333,MER001333,SYNTH_MERCHANT_01333,FUEL,AE,LOW,2022-07-13,ACTIVE,AED
MERR0001345,MER001345,SYNTH_MERCHANT_01345,ENTERTAINMENT,IN,LOW,2024-12-09,ACTIVE,INR
MERR0001347,MER001347,SYNTH_MERCHANT_01347,ENTERTAINMENT,GB,LOW,2023-07-17,ACTIVE,GBP
MERR0001355,MER001355,SYNTH_MERCHANT_01355,ENTERTAINMENT,IN,HIGH,2023-05-24,ACTIVE,INR
MERR0001358,MER001358,SYNTH_MERCHANT_01358,EDUCATION,AE,LOW,2023-09-10,ACTIVE,AED
MERR0001359,MER001359,SYNTH_MERCHANT_01359,MARKETPLACE,IN,LOW,2021-06-05,ACTIVE,INR
MERR0001360,MER001360,SYNTH_MERCHANT_01360,FUEL,IN,LOW,2022-04-23,ACTIVE,INR
MERR0001361,MER001361,SYNTH_MERCHANT_01361,HEALTHCARE,IN,MEDIUM,2024-04-02,ACTIVE,INR
MERR0001371,MER001371,SYNTH_MERCHANT_01371,GROCERY,IN,MEDIUM,2025-09-05,ACTIVE,INR
MERR0001374,MER001374,SYNTH_MERCHANT_01374,EDUCATION,IN,LOW,2024-02-06,ACTIVE,INR
MERR0001377,MER001377,SYNTH_MERCHANT_01377,ELECTRONICS,IN,LOW,2022-11-01,ACTIVE,INR
MERR0001378,MER001378,SYNTH_MERCHANT_01378,GROCERY,IN,LOW,2025-04-16,ACTIVE,INR
MERR0001379,MER001379,SYNTH_MERCHANT_01379,DINING,US,LOW,2024-01-11,ACTIVE,USD
MERR0001381,MER001381,SYNTH_MERCHANT_01381,MARKETPLACE,IN,LOW,2025-03-09,ACTIVE,INR
MERR0001382,MER001382,SYNTH_MERCHANT_01382,DINING,IN,LOW,2024-04-05,ACTIVE,INR
MERR0001384,MER001384,SYNTH_MERCHANT_01384,HEALTHCARE,US,MEDIUM,2024-12-21,ACTIVE,USD
MERR0001385,MER001385,SYNTH_MERCHANT_01385,GROCERY,IN,LOW,2023-11-19,REVIEW,INR
MERR0001388,MER001388,SYNTH_MERCHANT_01388,HEALTHCARE,IN,LOW,2025-09-07,ACTIVE,INR
MERR0001389,MER001389,SYNTH_MERCHANT_01389,MARKETPLACE,IN,LOW,2022-10-13,ACTIVE,INR
MERR0001392,MER001392,SYNTH_MERCHANT_01392,FUEL,IN,LOW,2023-07-25,ACTIVE,INR
MERR0001395,MER001395,SYNTH_MERCHANT_01395,TRAVEL,US,LOW,2025-04-13,ACTIVE,USD
MERR0001402,MER001402,SYNTH_MERCHANT_01402,EDUCATION,IN,MEDIUM,2025-01-19,ACTIVE,INR
MERR0001403,MER001403,SYNTH_MERCHANT_01403,GROCERY,IN,LOW,2022-02-25,ACTIVE,INR
MERR0001406,MER001406,SYNTH_MERCHANT_01406,ENTERTAINMENT,IN,LOW,2025-04-07,ACTIVE,INR
MERR0001407,MER001407,SYNTH_MERCHANT_01407,DINING,IN,LOW,2025-09-17,ACTIVE,INR
MERR0001410,MER001410,SYNTH_MERCHANT_01410,DINING,IN,LOW,2023-08-09,ACTIVE,INR
MERR0001416,MER001416,SYNTH_MERCHANT_01416,UTILITIES,IN,LOW,2024-06-07,ACTIVE,INR
MERR0001418,MER001418,SYNTH_MERCHANT_01418,ELECTRONICS,IN,LOW,2021-07-20,ACTIVE,INR
MERR0001419,MER001419,SYNTH_MERCHANT_01419,DINING,IN,LOW,2024-09-23,ACTIVE,INR
MERR0001425,MER001425,SYNTH_MERCHANT_01425,TRAVEL,IN,LOW,2022-06-16,ACTIVE,INR
MERR0001430,MER001430,SYNTH_MERCHANT_01430,UTILITIES,IN,HIGH,2024-08-20,ACTIVE,INR
MERR0001434,MER001434,SYNTH_MERCHANT_01434,MARKETPLACE,IN,LOW,2023-10-11,ACTIVE,INR
MERR0001435,MER001435,SYNTH_MERCHANT_01435,ELECTRONICS,IN,LOW,2024-12-17,ACTIVE,INR
MERR0001439,MER001439,SYNTH_MERCHANT_01439,DINING,SG,MEDIUM,2022-07-30,ACTIVE,SGD
MERR0001441,MER001441,SYNTH_MERCHANT_01441,ENTERTAINMENT,IN,LOW,2023-06-07,ACTIVE,INR
MERR0001442,MER001442,SYNTH_MERCHANT_01442,UTILITIES,IN,LOW,2022-06-05,ACTIVE,INR
MERR0001445,MER001445,SYNTH_MERCHANT_01445,GROCERY,US,LOW,2021-09-11,ACTIVE,USD
MERR0001454,MER001454,SYNTH_MERCHANT_01454,UTILITIES,IN,MEDIUM,2021-06-21,ACTIVE,INR
MERR0001458,MER001458,SYNTH_MERCHANT_01458,DINING,IN,LOW,2023-08-30,ACTIVE,INR
MERR0001466,MER001466,SYNTH_MERCHANT_01466,MARKETPLACE,IN,LOW,2022-10-01,ACTIVE,INR
MERR0001469,MER001469,SYNTH_MERCHANT_01469,FUEL,IN,LOW,2025-01-11,ACTIVE,INR
MERR0001471,MER001471,SYNTH_MERCHANT_01471,ELECTRONICS,GB,MEDIUM,2022-03-05,ACTIVE,GBP
MERR0001473,MER001473,SYNTH_MERCHANT_01473,FUEL,IN,LOW,2023-01-05,ACTIVE,INR
MERR0001475,MER001475,SYNTH_MERCHANT_01475,DINING,GB,HIGH,2022-08-04,ACTIVE,GBP
MERR0001483,MER001483,SYNTH_MERCHANT_01483,TRAVEL,IN,MEDIUM,2023-06-17,ACTIVE,INR
MERR0001484,MER001484,SYNTH_MERCHANT_01484,FUEL,IN,LOW,2022-01-13,ACTIVE,INR
MERR0001487,MER001487,SYNTH_MERCHANT_01487,HEALTHCARE,IN,LOW,2024-08-15,ACTIVE,INR
MERR0001490,MER001490,SYNTH_MERCHANT_01490,HEALTHCARE,IN,LOW,2021-07-16,ACTIVE,INR
MERR0001492,MER001492,SYNTH_MERCHANT_01492,FUEL,US,MEDIUM,2024-12-27,ACTIVE,USD
MERR0001499,MER001499,SYNTH_MERCHANT_01499,ELECTRONICS,IN,LOW,2023-09-12,ACTIVE,INR
MERR0001510,MER001510,SYNTH_MERCHANT_01510,ELECTRONICS,IN,LOW,2025-12-26,ACTIVE,INR
MERR0001512,MER001512,SYNTH_MERCHANT_01512,MARKETPLACE,GB,MEDIUM,2025-04-22,ACTIVE,GBP
MERR0001513,MER001513,SYNTH_MERCHANT_01513,TRAVEL,IN,LOW,2023-08-22,ACTIVE,INR
MERR0001514,MER001514,SYNTH_MERCHANT_01514,ELECTRONICS,IN,LOW,2021-10-29,ACTIVE,INR
MERR0001519,MER001519,SYNTH_MERCHANT_01519,HEALTHCARE,IN,LOW,2024-09-26,ACTIVE,INR
MERR0001521,MER001521,SYNTH_MERCHANT_01521,ELECTRONICS,IN,HIGH,2024-03-01,ACTIVE,INR
MERR0001524,MER001524,SYNTH_MERCHANT_01524,DINING,IN,LOW,2021-04-04,ACTIVE,INR
MERR0001525,MER001525,SYNTH_MERCHANT_01525,FUEL,IN,LOW,2022-01-20,ACTIVE,INR
MERR0001529,MER001529,SYNTH_MERCHANT_01529,ELECTRONICS,IN,LOW,2022-12-27,ACTIVE,INR
MERR0001531,MER001531,SYNTH_MERCHANT_01531,MARKETPLACE,IN,LOW,2024-04-08,ACTIVE,INR
MERR0001538,MER001538,SYNTH_MERCHANT_01538,UTILITIES,IN,LOW,2022-08-27,ACTIVE,INR
MERR0001539,MER001539,SYNTH_MERCHANT_01539,UTILITIES,US,LOW,2025-06-24,ACTIVE,USD
MERR0001541,MER001541,SYNTH_MERCHANT_01541,EDUCATION,IN,LOW,2024-04-01,ACTIVE,INR
MERR0001549,MER001549,SYNTH_MERCHANT_01549,MARKETPLACE,US,LOW,2021-06-16,ACTIVE,USD
MERR0001557,MER001557,SYNTH_MERCHANT_01557,ENTERTAINMENT,IN,LOW,2021-11-11,ACTIVE,INR
MERR0001558,MER001558,SYNTH_MERCHANT_01558,DINING,IN,LOW,2023-12-03,ACTIVE,INR
MERR0001564,MER001564,SYNTH_MERCHANT_01564,FUEL,IN,LOW,2021-10-27,ACTIVE,INR
MERR0001567,MER001567,SYNTH_MERCHANT_01567,ELECTRONICS,IN,LOW,2022-09-11,ACTIVE,INR
MERR0001568,MER001568,SYNTH_MERCHANT_01568,ENTERTAINMENT,IN,LOW,2024-10-07,ACTIVE,INR
MERR0001571,MER001571,SYNTH_MERCHANT_01571,UTILITIES,AE,LOW,2024-02-23,ACTIVE,AED
MERR0001573,MER001573,SYNTH_MERCHANT_01573,DINING,IN,MEDIUM,2022-07-21,ACTIVE,INR
MERR0001574,MER001574,SYNTH_MERCHANT_01574,TRAVEL,IN,MEDIUM,2025-01-20,ACTIVE,INR
MERR0001576,MER001576,SYNTH_MERCHANT_01576,DINING,IN,HIGH,2024-06-23,ACTIVE,INR
MERR0001577,MER001577,SYNTH_MERCHANT_01577,FUEL,IN,MEDIUM,2024-12-01,ACTIVE,INR
MERR0001578,MER001578,SYNTH_MERCHANT_01578,DINING,GB,MEDIUM,2022-10-20,ACTIVE,GBP
MERR0001591,MER001591,SYNTH_MERCHANT_01591,DINING,IN,LOW,2021-01-25,ACTIVE,INR
MERR0001597,MER001597,SYNTH_MERCHANT_01597,ELECTRONICS,IN,LOW,2025-07-13,ACTIVE,INR
MERR0001598,MER001598,SYNTH_MERCHANT_01598,GROCERY,IN,LOW,2022-08-14,ACTIVE,INR
MERR0001601,MER001601,SYNTH_MERCHANT_01601,FUEL,SG,LOW,2024-01-28,ACTIVE,SGD
MERR0001603,MER001603,SYNTH_MERCHANT_01603,GROCERY,IN,LOW,2022-07-25,ACTIVE,INR
MERR0001606,MER001606,SYNTH_MERCHANT_01606,MARKETPLACE,IN,MEDIUM,2021-02-08,ACTIVE,INR
MERR0001609,MER001609,SYNTH_MERCHANT_01609,GROCERY,IN,LOW,2025-02-11,ACTIVE,INR
MERR0001611,MER001611,SYNTH_MERCHANT_01611,FUEL,IN,LOW,2022-08-17,ACTIVE,INR
MERR0001612,MER001612,SYNTH_MERCHANT_01612,ELECTRONICS,US,LOW,2022-09-10,ACTIVE,USD
MERR0001614,MER001614,SYNTH_MERCHANT_01614,DINING,IN,LOW,2025-12-25,ACTIVE,INR
MERR0001621,MER001621,SYNTH_MERCHANT_01621,MARKETPLACE,SG,HIGH,2021-03-19,ACTIVE,SGD
MERR0001622,MER001622,SYNTH_MERCHANT_01622,EDUCATION,IN,LOW,2021-08-15,ACTIVE,INR
MERR0001629,MER001629,SYNTH_MERCHANT_01629,TRAVEL,IN,MEDIUM,2021-06-01,ACTIVE,INR
MERR0001630,MER001630,SYNTH_MERCHANT_01630,DINING,IN,LOW,2022-11-05,ACTIVE,INR
MERR0001634,MER001634,SYNTH_MERCHANT_01634,ELECTRONICS,SG,LOW,2021-07-24,ACTIVE,SGD
MERR0001636,MER001636,SYNTH_MERCHANT_01636,TRAVEL,IN,LOW,2024-01-09,ACTIVE,INR
MERR0001638,MER001638,SYNTH_MERCHANT_01638,DINING,IN,MEDIUM,2025-07-04,ACTIVE,INR
MERR0001642,MER001642,SYNTH_MERCHANT_01642,EDUCATION,IN,MEDIUM,2024-02-02,ACTIVE,INR
MERR0001644,MER001644,SYNTH_MERCHANT_01644,UTILITIES,IN,MEDIUM,2021-08-11,ACTIVE,INR
MERR0001646,MER001646,SYNTH_MERCHANT_01646,GROCERY,IN,LOW,2022-12-07,ACTIVE,INR
MERR0001658,MER001658,SYNTH_MERCHANT_01658,HEALTHCARE,US,LOW,2025-05-31,ACTIVE,USD
MERR0001662,MER001662,SYNTH_MERCHANT_01662,GROCERY,IN,LOW,2025-04-08,ACTIVE,INR
MERR0001666,MER001666,SYNTH_MERCHANT_01666,FUEL,IN,LOW,2024-04-15,ACTIVE,INR
MERR0001668,MER001668,SYNTH_MERCHANT_01668,MARKETPLACE,IN,LOW,2023-06-02,REVIEW,INR
MERR0001669,MER001669,SYNTH_MERCHANT_01669,ENTERTAINMENT,IN,LOW,2021-05-11,ACTIVE,INR
MERR0001673,MER001673,SYNTH_MERCHANT_01673,ELECTRONICS,IN,MEDIUM,2022-08-23,ACTIVE,INR
MERR0001677,MER001677,SYNTH_MERCHANT_01677,FUEL,IN,LOW,2021-08-02,REVIEW,INR
MERR0001680,MER001680,SYNTH_MERCHANT_01680,DINING,IN,LOW,2023-08-01,ACTIVE,INR
MERR0001683,MER001683,SYNTH_MERCHANT_01683,TRAVEL,IN,LOW,2024-08-15,ACTIVE,INR
MERR0001688,MER001688,SYNTH_MERCHANT_01688,UTILITIES,IN,MEDIUM,2023-03-26,ACTIVE,INR
MERR0001689,MER001689,SYNTH_MERCHANT_01689,EDUCATION,IN,LOW,2024-11-11,ACTIVE,INR
MERR0001691,MER001691,SYNTH_MERCHANT_01691,ENTERTAINMENT,IN,LOW,2022-10-07,ACTIVE,INR
MERR0001694,MER001694,SYNTH_MERCHANT_01694,TRAVEL,IN,MEDIUM,2024-05-22,ACTIVE,INR
MERR0001695,MER001695,SYNTH_MERCHANT_01695,HEALTHCARE,SG,LOW,2023-10-18,ACTIVE,SGD
MERR0001696,MER001696,SYNTH_MERCHANT_01696,DINING,IN,LOW,2025-08-12,ACTIVE,INR
MERR0001702,MER001702,SYNTH_MERCHANT_01702,ELECTRONICS,IN,LOW,2024-10-21,ACTIVE,INR
MERR0001703,MER001703,SYNTH_MERCHANT_01703,MARKETPLACE,IN,MEDIUM,2025-12-24,REVIEW,INR
MERR0001706,MER001706,SYNTH_MERCHANT_01706,DINING,IN,LOW,2025-09-12,ACTIVE,INR
MERR0001711,MER001711,SYNTH_MERCHANT_01711,DINING,IN,LOW,2021-04-04,ACTIVE,INR
MERR0001713,MER001713,SYNTH_MERCHANT_01713,MARKETPLACE,IN,LOW,2024-01-16,ACTIVE,INR
MERR0001714,MER001714,SYNTH_MERCHANT_01714,UTILITIES,IN,MEDIUM,2023-08-26,ACTIVE,INR
MERR0001722,MER001722,SYNTH_MERCHANT_01722,ENTERTAINMENT,IN,LOW,2021-05-16,ACTIVE,INR
MERR0001726,MER001726,SYNTH_MERCHANT_01726,FUEL,IN,LOW,2021-09-14,ACTIVE,INR
MERR0001729,MER001729,SYNTH_MERCHANT_01729,GROCERY,IN,LOW,2023-01-03,ACTIVE,INR
MERR0001731,MER001731,SYNTH_MERCHANT_01731,DINING,GB,HIGH,2021-07-16,ACTIVE,GBP
MERR0001735,MER001735,SYNTH_MERCHANT_01735,ENTERTAINMENT,IN,LOW,2021-12-07,ACTIVE,INR
MERR0001737,MER001737,SYNTH_MERCHANT_01737,MARKETPLACE,IN,LOW,2024-10-12,ACTIVE,INR
MERR0001739,MER001739,SYNTH_MERCHANT_01739,ELECTRONICS,GB,LOW,2025-05-28,ACTIVE,GBP
MERR0001750,MER001750,SYNTH_MERCHANT_01750,GROCERY,GB,LOW,2023-06-09,ACTIVE,GBP
MERR0001751,MER001751,SYNTH_MERCHANT_01751,UTILITIES,IN,LOW,2021-11-16,ACTIVE,INR
MERR0001755,MER001755,SYNTH_MERCHANT_01755,DINING,US,LOW,2023-12-28,ACTIVE,USD
MERR0001758,MER001758,SYNTH_MERCHANT_01758,MARKETPLACE,IN,LOW,2021-11-21,ACTIVE,INR
MERR0001766,MER001766,SYNTH_MERCHANT_01766,ELECTRONICS,IN,LOW,2025-02-17,ACTIVE,INR
MERR0001769,MER001769,SYNTH_MERCHANT_01769,HEALTHCARE,IN,MEDIUM,2023-05-02,ACTIVE,INR
MERR0001770,MER001770,SYNTH_MERCHANT_01770,HEALTHCARE,IN,HIGH,2025-10-11,ACTIVE,INR
MERR0001778,MER001778,SYNTH_MERCHANT_01778,TRAVEL,IN,MEDIUM,2025-01-06,ACTIVE,INR
MERR0001781,MER001781,SYNTH_MERCHANT_01781,TRAVEL,IN,LOW,2024-10-26,ACTIVE,INR
MERR0001785,MER001785,SYNTH_MERCHANT_01785,GROCERY,US,LOW,2021-04-17,ACTIVE,USD
MERR0001789,MER001789,SYNTH_MERCHANT_01789,EDUCATION,US,LOW,2021-09-30,ACTIVE,USD
MERR0001790,MER001790,SYNTH_MERCHANT_01790,GROCERY,IN,LOW,2022-03-22,ACTIVE,INR
MERR0001799,MER001799,SYNTH_MERCHANT_01799,TRAVEL,IN,MEDIUM,2022-08-01,ACTIVE,INR
MERR0001803,MER001803,SYNTH_MERCHANT_01803,FUEL,IN,LOW,2022-08-16,ACTIVE,INR
MERR0001807,MER001807,SYNTH_MERCHANT_01807,DINING,IN,LOW,2024-03-13,ACTIVE,INR
MERR0001810,MER001810,SYNTH_MERCHANT_01810,EDUCATION,SG,LOW,2025-07-21,ACTIVE,SGD
MERR0001811,MER001811,SYNTH_MERCHANT_01811,HEALTHCARE,US,HIGH,2021-11-03,ACTIVE,USD
MERR0001812,MER001812,SYNTH_MERCHANT_01812,EDUCATION,IN,MEDIUM,2025-03-07,ACTIVE,INR
MERR0001813,MER001813,SYNTH_MERCHANT_01813,ELECTRONICS,IN,LOW,2022-08-17,ACTIVE,INR
MERR0001822,MER001822,SYNTH_MERCHANT_01822,EDUCATION,GB,LOW,2025-07-10,ACTIVE,GBP
MERR0001824,MER001824,SYNTH_MERCHANT_01824,FUEL,IN,LOW,2022-06-15,ACTIVE,INR
MERR0001825,MER001825,SYNTH_MERCHANT_01825,MARKETPLACE,AE,LOW,2023-11-22,ACTIVE,AED
MERR0001827,MER001827,SYNTH_MERCHANT_01827,DINING,SG,LOW,2022-04-23,REVIEW,SGD
MERR0001828,MER001828,SYNTH_MERCHANT_01828,DINING,IN,LOW,2021-10-25,ACTIVE,INR
MERR0001830,MER001830,SYNTH_MERCHANT_01830,GROCERY,US,LOW,2025-04-30,ACTIVE,USD
MERR0001834,MER001834,SYNTH_MERCHANT_01834,UTILITIES,IN,LOW,2021-05-26,ACTIVE,INR
MERR0001838,MER001838,SYNTH_MERCHANT_01838,ENTERTAINMENT,IN,MEDIUM,2024-02-18,ACTIVE,INR
MERR0001839,MER001839,SYNTH_MERCHANT_01839,ENTERTAINMENT,GB,LOW,2024-12-16,ACTIVE,GBP
MERR0001842,MER001842,SYNTH_MERCHANT_01842,UTILITIES,US,LOW,2023-01-25,ACTIVE,USD
MERR0001844,MER001844,SYNTH_MERCHANT_01844,MARKETPLACE,IN,MEDIUM,2021-03-28,ACTIVE,INR
MERR0001846,MER001846,SYNTH_MERCHANT_01846,UTILITIES,IN,LOW,2022-01-25,ACTIVE,INR
MERR0001848,MER001848,SYNTH_MERCHANT_01848,MARKETPLACE,IN,LOW,2022-12-09,ACTIVE,INR
MERR0001851,MER001851,SYNTH_MERCHANT_01851,FUEL,IN,LOW,2023-10-13,ACTIVE,INR
MERR0001853,MER001853,SYNTH_MERCHANT_01853,FUEL,IN,LOW,2025-09-26,ACTIVE,INR
MERR0001858,MER001858,SYNTH_MERCHANT_01858,GROCERY,US,MEDIUM,2024-12-07,ACTIVE,USD
MERR0001864,MER001864,SYNTH_MERCHANT_01864,GROCERY,IN,LOW,2024-02-28,ACTIVE,INR
MERR0001866,MER001866,SYNTH_MERCHANT_01866,ENTERTAINMENT,US,LOW,2025-03-20,REVIEW,USD
MERR0001868,MER001868,SYNTH_MERCHANT_01868,FUEL,IN,LOW,2025-09-18,ACTIVE,INR
MERR0001870,MER001870,SYNTH_MERCHANT_01870,TRAVEL,IN,LOW,2024-03-26,ACTIVE,INR
MERR0001884,MER001884,SYNTH_MERCHANT_01884,TRAVEL,US,MEDIUM,2024-02-12,ACTIVE,USD
MERR0001887,MER001887,SYNTH_MERCHANT_01887,DINING,IN,LOW,2021-07-19,ACTIVE,INR
MERR0001889,MER001889,SYNTH_MERCHANT_01889,GROCERY,IN,MEDIUM,2025-09-01,ACTIVE,INR
MERR0001890,MER001890,SYNTH_MERCHANT_01890,ELECTRONICS,US,LOW,2022-08-05,ACTIVE,USD
MERR0001895,MER001895,SYNTH_MERCHANT_01895,EDUCATION,IN,LOW,2021-08-03,ACTIVE,INR
MERR0001896,MER001896,SYNTH_MERCHANT_01896,MARKETPLACE,IN,LOW,2021-07-10,ACTIVE,INR
MERR0001897,MER001897,SYNTH_MERCHANT_01897,HEALTHCARE,AE,LOW,2022-01-15,ACTIVE,AED
MERR0001902,MER001902,SYNTH_MERCHANT_01902,GROCERY,IN,LOW,2024-07-10,ACTIVE,INR
MERR0001903,MER001903,SYNTH_MERCHANT_01903,TRAVEL,IN,MEDIUM,2022-10-07,ACTIVE,INR
MERR0001905,MER001905,SYNTH_MERCHANT_01905,DINING,IN,LOW,2024-09-21,ACTIVE,INR
MERR0001907,MER001907,SYNTH_MERCHANT_01907,EDUCATION,IN,LOW,2025-02-22,ACTIVE,INR
MERR0001911,MER001911,SYNTH_MERCHANT_01911,EDUCATION,US,MEDIUM,2023-10-01,ACTIVE,USD
MERR0001913,MER001913,SYNTH_MERCHANT_01913,EDUCATION,IN,LOW,2023-02-27,ACTIVE,INR
MERR0001914,MER001914,SYNTH_MERCHANT_01914,FUEL,IN,LOW,2022-12-14,ACTIVE,INR
MERR0001915,MER001915,SYNTH_MERCHANT_01915,TRAVEL,IN,LOW,2023-02-07,ACTIVE,INR
MERR0001928,MER001928,SYNTH_MERCHANT_01928,ELECTRONICS,IN,MEDIUM,2025-08-02,ACTIVE,INR
MERR0001930,MER001930,SYNTH_MERCHANT_01930,TRAVEL,IN,LOW,2021-02-05,REVIEW,INR
MERR0001936,MER001936,SYNTH_MERCHANT_01936,GROCERY,SG,LOW,2023-04-13,ACTIVE,SGD
MERR0001938,MER001938,SYNTH_MERCHANT_01938,DINING,IN,LOW,2021-01-11,ACTIVE,INR
MERR0001941,MER001941,SYNTH_MERCHANT_01941,TRAVEL,IN,MEDIUM,2023-01-14,ACTIVE,INR
MERR0001945,MER001945,SYNTH_MERCHANT_01945,FUEL,SG,LOW,2021-11-28,ACTIVE,SGD
MERR0001955,MER001955,SYNTH_MERCHANT_01955,ELECTRONICS,IN,LOW,2022-05-25,ACTIVE,INR
MERR0001956,MER001956,SYNTH_MERCHANT_01956,ENTERTAINMENT,IN,MEDIUM,2025-09-19,ACTIVE,INR
MERR0001963,MER001963,SYNTH_MERCHANT_01963,DINING,US,HIGH,2021-01-26,ACTIVE,USD
MERR0001966,MER001966,SYNTH_MERCHANT_01966,HEALTHCARE,IN,LOW,2023-05-13,ACTIVE,INR
MERR0001970,MER001970,SYNTH_MERCHANT_01970,ELECTRONICS,IN,MEDIUM,2021-05-14,ACTIVE,INR
MERR0001971,MER001971,SYNTH_MERCHANT_01971,EDUCATION,IN,MEDIUM,2024-11-18,ACTIVE,INR
MERR0001973,MER001973,SYNTH_MERCHANT_01973,ELECTRONICS,IN,LOW,2024-06-08,ACTIVE,INR
MERR0001987,MER001987,SYNTH_MERCHANT_01987,FUEL,IN,MEDIUM,2021-06-29,REVIEW,INR
MERR0001988,MER001988,SYNTH_MERCHANT_01988,MARKETPLACE,IN,LOW,2024-12-17,ACTIVE,INR
MERR0001989,MER001989,SYNTH_MERCHANT_01989,UTILITIES,GB,LOW,2022-04-09,ACTIVE,GBP
MERR0001991,MER001991,SYNTH_MERCHANT_01991,GROCERY,IN,MEDIUM,2024-04-09,ACTIVE,INR
MERR0001993,MER001993,SYNTH_MERCHANT_01993,DINING,IN,LOW,2024-09-22,ACTIVE,INR
MERR0002001,MER002001,SYNTH_MERCHANT_02001,FUEL,IN,MEDIUM,2022-03-03,ACTIVE,INR
MERR0002003,MER002003,SYNTH_MERCHANT_02003,UTILITIES,SG,LOW,2022-09-16,REVIEW,SGD
MERR0002007,MER002007,SYNTH_MERCHANT_02007,GROCERY,GB,LOW,2022-12-10,ACTIVE,GBP
MERR0002009,MER002009,SYNTH_MERCHANT_02009,ELECTRONICS,IN,LOW,2021-02-07,ACTIVE,INR
MERR0002017,MER002017,SYNTH_MERCHANT_02017,EDUCATION,IN,LOW,2022-12-13,ACTIVE,INR
MERR0002018,MER002018,SYNTH_MERCHANT_02018,UTILITIES,IN,LOW,2025-01-06,ACTIVE,INR
MERR0002020,MER002020,SYNTH_MERCHANT_02020,FUEL,IN,MEDIUM,2025-02-24,ACTIVE,INR
MERR0002031,MER002031,SYNTH_MERCHANT_02031,FUEL,IN,LOW,2022-11-22,ACTIVE,INR
MERR0002035,MER002035,SYNTH_MERCHANT_02035,MARKETPLACE,IN,LOW,2025-04-28,ACTIVE,INR
MERR0002036,MER002036,SYNTH_MERCHANT_02036,EDUCATION,SG,LOW,2024-06-16,ACTIVE,SGD
MERR0002038,MER002038,SYNTH_MERCHANT_02038,TRAVEL,IN,MEDIUM,2024-09-15,ACTIVE,INR
MERR0002045,MER002045,SYNTH_MERCHANT_02045,ENTERTAINMENT,GB,LOW,2025-03-02,ACTIVE,GBP
MERR0002046,MER002046,SYNTH_MERCHANT_02046,UTILITIES,AE,LOW,2022-04-18,ACTIVE,AED
MERR0002047,MER002047,SYNTH_MERCHANT_02047,GROCERY,IN,HIGH,2022-06-19,ACTIVE,INR
MERR0002048,MER002048,SYNTH_MERCHANT_02048,FUEL,IN,LOW,2023-04-01,ACTIVE,INR
MERR0002052,MER002052,SYNTH_MERCHANT_02052,FUEL,IN,LOW,2025-03-26,ACTIVE,INR
MERR0002057,MER002057,SYNTH_MERCHANT_02057,GROCERY,IN,MEDIUM,2021-03-04,ACTIVE,INR
MERR0002058,MER002058,SYNTH_MERCHANT_02058,MARKETPLACE,IN,LOW,2023-11-19,ACTIVE,INR
MERR0002059,MER002059,SYNTH_MERCHANT_02059,EDUCATION,AE,LOW,2024-06-29,ACTIVE,AED
MERR0002060,MER002060,SYNTH_MERCHANT_02060,FUEL,SG,LOW,2025-05-18,ACTIVE,SGD
MERR0002064,MER002064,SYNTH_MERCHANT_02064,DINING,GB,LOW,2022-06-08,ACTIVE,GBP
MERR0002073,MER002073,SYNTH_MERCHANT_02073,ENTERTAINMENT,GB,LOW,2023-02-16,ACTIVE,GBP
MERR0002074,MER002074,SYNTH_MERCHANT_02074,TRAVEL,GB,LOW,2021-02-21,ACTIVE,GBP
MERR0002076,MER002076,SYNTH_MERCHANT_02076,EDUCATION,IN,LOW,2021-03-14,ACTIVE,INR
MERR0002082,MER002082,SYNTH_MERCHANT_02082,MARKETPLACE,GB,LOW,2024-01-11,ACTIVE,GBP
MERR0002086,MER002086,SYNTH_MERCHANT_02086,MARKETPLACE,IN,LOW,2022-05-07,ACTIVE,INR
MERR0002087,MER002087,SYNTH_MERCHANT_02087,FUEL,US,LOW,2022-02-24,ACTIVE,USD
MERR0002088,MER002088,SYNTH_MERCHANT_02088,MARKETPLACE,IN,LOW,2023-09-13,ACTIVE,INR
MERR0002090,MER002090,SYNTH_MERCHANT_02090,GROCERY,IN,MEDIUM,2022-01-27,ACTIVE,INR
MERR0002094,MER002094,SYNTH_MERCHANT_02094,TRAVEL,IN,LOW,2021-12-15,ACTIVE,INR
MERR0002097,MER002097,SYNTH_MERCHANT_02097,ELECTRONICS,IN,LOW,2024-02-19,ACTIVE,INR
MERR0002098,MER002098,SYNTH_MERCHANT_02098,ELECTRONICS,IN,LOW,2021-09-16,ACTIVE,INR
MERR0002105,MER002105,SYNTH_MERCHANT_02105,ENTERTAINMENT,IN,MEDIUM,2025-11-12,ACTIVE,INR
MERR0002106,MER002106,SYNTH_MERCHANT_02106,ELECTRONICS,GB,MEDIUM,2022-07-30,ACTIVE,GBP
MERR0002107,MER002107,SYNTH_MERCHANT_02107,ELECTRONICS,IN,MEDIUM,2023-04-14,ACTIVE,INR
MERR0002109,MER002109,SYNTH_MERCHANT_02109,EDUCATION,IN,LOW,2021-01-30,ACTIVE,INR
MERR0002112,MER002112,SYNTH_MERCHANT_02112,ELECTRONICS,IN,MEDIUM,2025-08-04,ACTIVE,INR
MERR0002115,MER002115,SYNTH_MERCHANT_02115,MARKETPLACE,IN,MEDIUM,2021-12-21,REVIEW,INR
MERR0002116,MER002116,SYNTH_MERCHANT_02116,HEALTHCARE,IN,LOW,2025-03-29,ACTIVE,INR
MERR0002118,MER002118,SYNTH_MERCHANT_02118,FUEL,GB,LOW,2023-04-12,ACTIVE,GBP
MERR0002121,MER002121,SYNTH_MERCHANT_02121,HEALTHCARE,IN,LOW,2023-09-21,ACTIVE,INR
MERR0002123,MER002123,SYNTH_MERCHANT_02123,DINING,IN,LOW,2024-05-07,ACTIVE,INR
MERR0002125,MER002125,SYNTH_MERCHANT_02125,TRAVEL,IN,MEDIUM,2022-04-25,ACTIVE,INR
MERR0002131,MER002131,SYNTH_MERCHANT_02131,HEALTHCARE,IN,MEDIUM,2023-10-28,ACTIVE,INR
MERR0002137,MER002137,SYNTH_MERCHANT_02137,DINING,IN,MEDIUM,2025-10-10,ACTIVE,INR
MERR0002141,MER002141,SYNTH_MERCHANT_02141,ENTERTAINMENT,GB,LOW,2021-10-21,ACTIVE,GBP
MERR0002145,MER002145,SYNTH_MERCHANT_02145,DINING,IN,LOW,2023-06-05,ACTIVE,INR
MERR0002154,MER002154,SYNTH_MERCHANT_02154,ENTERTAINMENT,AE,LOW,2022-10-04,ACTIVE,AED
MERR0002157,MER002157,SYNTH_MERCHANT_02157,HEALTHCARE,IN,MEDIUM,2022-02-23,ACTIVE,INR
MERR0002161,MER002161,SYNTH_MERCHANT_02161,HEALTHCARE,IN,LOW,2021-10-17,ACTIVE,INR
MERR0002171,MER002171,SYNTH_MERCHANT_02171,DINING,IN,MEDIUM,2023-04-07,ACTIVE,INR
MERR0002173,MER002173,SYNTH_MERCHANT_02173,MARKETPLACE,IN,HIGH,2024-05-12,ACTIVE,INR
MERR0002174,MER002174,SYNTH_MERCHANT_02174,EDUCATION,IN,MEDIUM,2025-04-01,ACTIVE,INR
MERR0002176,MER002176,SYNTH_MERCHANT_02176,DINING,IN,LOW,2024-11-18,ACTIVE,INR
MERR0002177,MER002177,SYNTH_MERCHANT_02177,MARKETPLACE,IN,LOW,2022-06-06,ACTIVE,INR
MERR0002182,MER002182,SYNTH_MERCHANT_02182,TRAVEL,IN,LOW,2024-07-21,ACTIVE,INR
MERR0002184,MER002184,SYNTH_MERCHANT_02184,MARKETPLACE,IN,LOW,2023-08-07,ACTIVE,INR
MERR0002187,MER002187,SYNTH_MERCHANT_02187,MARKETPLACE,IN,LOW,2021-10-05,ACTIVE,INR
MERR0002188,MER002188,SYNTH_MERCHANT_02188,MARKETPLACE,US,LOW,2025-12-29,ACTIVE,USD
MERR0002196,MER002196,SYNTH_MERCHANT_02196,TRAVEL,IN,MEDIUM,2023-06-20,ACTIVE,INR
MERR0002200,MER002200,SYNTH_MERCHANT_02200,UTILITIES,IN,MEDIUM,2022-04-21,ACTIVE,INR
MERR0002201,MER002201,SYNTH_MERCHANT_02201,GROCERY,IN,MEDIUM,2025-02-11,ACTIVE,INR
MERR0002207,MER002207,SYNTH_MERCHANT_02207,UTILITIES,IN,MEDIUM,2024-05-12,ACTIVE,INR
MERR0002209,MER002209,SYNTH_MERCHANT_02209,HEALTHCARE,IN,LOW,2024-01-07,ACTIVE,INR
MERR0002210,MER002210,SYNTH_MERCHANT_02210,HEALTHCARE,IN,LOW,2025-07-25,ACTIVE,INR
MERR0002214,MER002214,SYNTH_MERCHANT_02214,MARKETPLACE,IN,LOW,2023-12-03,ACTIVE,INR
MERR0002216,MER002216,SYNTH_MERCHANT_02216,MARKETPLACE,US,LOW,2024-02-22,ACTIVE,USD
MERR0002218,MER002218,SYNTH_MERCHANT_02218,MARKETPLACE,IN,MEDIUM,2021-07-06,ACTIVE,INR
MERR0002226,MER002226,SYNTH_MERCHANT_02226,FUEL,IN,LOW,2022-02-05,ACTIVE,INR
MERR0002230,MER002230,SYNTH_MERCHANT_02230,ELECTRONICS,IN,LOW,2022-08-15,ACTIVE,INR
MERR0002235,MER002235,SYNTH_MERCHANT_02235,ELECTRONICS,IN,LOW,2022-02-14,ACTIVE,INR
MERR0002237,MER002237,SYNTH_MERCHANT_02237,HEALTHCARE,IN,LOW,2021-05-31,ACTIVE,INR
MERR0002239,MER002239,SYNTH_MERCHANT_02239,GROCERY,IN,LOW,2021-04-24,ACTIVE,INR
MERR0002243,MER002243,SYNTH_MERCHANT_02243,ELECTRONICS,IN,MEDIUM,2024-06-28,ACTIVE,INR
MERR0002244,MER002244,SYNTH_MERCHANT_02244,ELECTRONICS,IN,LOW,2022-08-25,ACTIVE,INR
MERR0002246,MER002246,SYNTH_MERCHANT_02246,DINING,IN,LOW,2023-07-19,ACTIVE,INR
MERR0002251,MER002251,SYNTH_MERCHANT_02251,ELECTRONICS,IN,LOW,2025-02-15,ACTIVE,INR
MERR0002252,MER002252,SYNTH_MERCHANT_02252,FUEL,US,LOW,2022-09-04,ACTIVE,USD
MERR0002253,MER002253,SYNTH_MERCHANT_02253,FUEL,SG,LOW,2022-08-14,ACTIVE,SGD
MERR0002259,MER002259,SYNTH_MERCHANT_02259,HEALTHCARE,SG,LOW,2025-11-18,ACTIVE,SGD
MERR0002261,MER002261,SYNTH_MERCHANT_02261,HEALTHCARE,US,LOW,2025-05-31,ACTIVE,USD
MERR0002263,MER002263,SYNTH_MERCHANT_02263,TRAVEL,IN,MEDIUM,2023-10-21,ACTIVE,INR
MERR0002275,MER002275,SYNTH_MERCHANT_02275,UTILITIES,IN,LOW,2023-05-02,ACTIVE,INR
MERR0002279,MER002279,SYNTH_MERCHANT_02279,ELECTRONICS,IN,LOW,2022-02-24,ACTIVE,INR
MERR0002281,MER002281,SYNTH_MERCHANT_02281,DINING,IN,LOW,2024-05-04,ACTIVE,INR
MERR0002285,MER002285,SYNTH_MERCHANT_02285,ENTERTAINMENT,IN,LOW,2021-09-27,ACTIVE,INR
MERR0002291,MER002291,SYNTH_MERCHANT_02291,ELECTRONICS,IN,MEDIUM,2025-03-28,REVIEW,INR
MERR0002294,MER002294,SYNTH_MERCHANT_02294,TRAVEL,IN,LOW,2023-07-04,ACTIVE,INR
MERR0002297,MER002297,SYNTH_MERCHANT_02297,UTILITIES,IN,LOW,2024-11-01,ACTIVE,INR
MERR0002303,MER002303,SYNTH_MERCHANT_02303,UTILITIES,GB,LOW,2021-07-12,ACTIVE,GBP
MERR0002306,MER002306,SYNTH_MERCHANT_02306,FUEL,GB,MEDIUM,2023-08-17,ACTIVE,GBP
MERR0002307,MER002307,SYNTH_MERCHANT_02307,TRAVEL,IN,LOW,2025-08-04,ACTIVE,INR
MERR0002308,MER002308,SYNTH_MERCHANT_02308,GROCERY,AE,MEDIUM,2023-10-18,ACTIVE,AED
MERR0002315,MER002315,SYNTH_MERCHANT_02315,GROCERY,IN,LOW,2023-05-30,ACTIVE,INR
MERR0002320,MER002320,SYNTH_MERCHANT_02320,DINING,IN,LOW,2023-11-20,ACTIVE,INR
MERR0002322,MER002322,SYNTH_MERCHANT_02322,TRAVEL,IN,LOW,2021-08-17,ACTIVE,INR
MERR0002324,MER002324,SYNTH_MERCHANT_02324,HEALTHCARE,IN,LOW,2021-11-21,ACTIVE,INR
MERR0002327,MER002327,SYNTH_MERCHANT_02327,DINING,IN,MEDIUM,2024-03-07,ACTIVE,INR
MERR0002328,MER002328,SYNTH_MERCHANT_02328,FUEL,SG,LOW,2021-09-16,ACTIVE,SGD
MERR0002330,MER002330,SYNTH_MERCHANT_02330,EDUCATION,AE,LOW,2023-01-15,ACTIVE,AED
MERR0002335,MER002335,SYNTH_MERCHANT_02335,UTILITIES,SG,MEDIUM,2024-02-15,ACTIVE,SGD
MERR0002337,MER002337,SYNTH_MERCHANT_02337,DINING,IN,LOW,2023-09-07,ACTIVE,INR
MERR0002338,MER002338,SYNTH_MERCHANT_02338,TRAVEL,US,LOW,2023-03-31,ACTIVE,USD
MERR0002342,MER002342,SYNTH_MERCHANT_02342,EDUCATION,IN,LOW,2025-11-04,ACTIVE,INR
MERR0002346,MER002346,SYNTH_MERCHANT_02346,FUEL,IN,MEDIUM,2025-01-23,ACTIVE,INR
MERR0002349,MER002349,SYNTH_MERCHANT_02349,UTILITIES,IN,LOW,2021-03-08,ACTIVE,INR
MERR0002351,MER002351,SYNTH_MERCHANT_02351,MARKETPLACE,IN,LOW,2025-05-31,ACTIVE,INR
MERR0002357,MER002357,SYNTH_MERCHANT_02357,TRAVEL,IN,LOW,2024-07-07,REVIEW,INR
MERR0002358,MER002358,SYNTH_MERCHANT_02358,HEALTHCARE,GB,LOW,2022-03-13,ACTIVE,GBP
MERR0002359,MER002359,SYNTH_MERCHANT_02359,DINING,IN,LOW,2023-01-08,ACTIVE,INR
MERR0002360,MER002360,SYNTH_MERCHANT_02360,UTILITIES,IN,MEDIUM,2023-02-26,ACTIVE,INR
MERR0002364,MER002364,SYNTH_MERCHANT_02364,GROCERY,SG,LOW,2021-02-18,ACTIVE,SGD
MERR0002365,MER002365,SYNTH_MERCHANT_02365,DINING,AE,LOW,2024-07-30,ACTIVE,AED
MERR0002368,MER002368,SYNTH_MERCHANT_02368,ELECTRONICS,IN,LOW,2023-04-23,ACTIVE,INR
MERR0002375,MER002375,SYNTH_MERCHANT_02375,EDUCATION,IN,LOW,2021-07-31,ACTIVE,INR
MERR0002379,MER002379,SYNTH_MERCHANT_02379,DINING,IN,LOW,2022-11-05,ACTIVE,INR
MERR0002380,MER002380,SYNTH_MERCHANT_02380,ENTERTAINMENT,AE,LOW,2022-09-28,ACTIVE,AED
MERR0002383,MER002383,SYNTH_MERCHANT_02383,DINING,AE,MEDIUM,2023-12-18,ACTIVE,AED
MERR0002386,MER002386,SYNTH_MERCHANT_02386,HEALTHCARE,IN,MEDIUM,2022-11-28,ACTIVE,INR
MERR0002389,MER002389,SYNTH_MERCHANT_02389,ENTERTAINMENT,IN,LOW,2021-01-02,ACTIVE,INR
MERR0002392,MER002392,SYNTH_MERCHANT_02392,FUEL,AE,MEDIUM,2025-09-06,ACTIVE,AED
MERR0002393,MER002393,SYNTH_MERCHANT_02393,EDUCATION,IN,LOW,2024-07-09,ACTIVE,INR
MERR0002394,MER002394,SYNTH_MERCHANT_02394,HEALTHCARE,IN,HIGH,2025-08-20,REVIEW,INR
MERR0002395,MER002395,SYNTH_MERCHANT_02395,TRAVEL,US,LOW,2022-12-07,ACTIVE,USD
MERR0002396,MER002396,SYNTH_MERCHANT_02396,ENTERTAINMENT,IN,MEDIUM,2023-08-17,ACTIVE,INR
MERR0002399,MER002399,SYNTH_MERCHANT_02399,GROCERY,IN,MEDIUM,2021-02-16,ACTIVE,INR
MERR0002400,MER002400,SYNTH_MERCHANT_02400,TRAVEL,IN,LOW,2025-12-30,ACTIVE,INR
MERR0002403,MER002403,SYNTH_MERCHANT_02403,EDUCATION,IN,LOW,2021-08-18,ACTIVE,INR
MERR0002404,MER002404,SYNTH_MERCHANT_02404,EDUCATION,SG,LOW,2024-03-25,ACTIVE,SGD
MERR0002407,MER002407,SYNTH_MERCHANT_02407,GROCERY,IN,LOW,2021-04-06,ACTIVE,INR
MERR0002411,MER002411,SYNTH_MERCHANT_02411,TRAVEL,SG,LOW,2021-05-31,ACTIVE,SGD
MERR0002414,MER002414,SYNTH_MERCHANT_02414,MARKETPLACE,IN,HIGH,2024-03-03,ACTIVE,INR
MERR0002415,MER002415,SYNTH_MERCHANT_02415,MARKETPLACE,IN,LOW,2021-09-01,ACTIVE,INR
MERR0002417,MER002417,SYNTH_MERCHANT_02417,EDUCATION,AE,LOW,2021-03-03,ACTIVE,AED
MERR0002424,MER002424,SYNTH_MERCHANT_02424,ELECTRONICS,IN,LOW,2024-06-12,ACTIVE,INR
MERR0002433,MER002433,SYNTH_MERCHANT_02433,UTILITIES,IN,LOW,2025-05-27,ACTIVE,INR
MERR0002434,MER002434,SYNTH_MERCHANT_02434,EDUCATION,IN,LOW,2021-09-30,ACTIVE,INR
MERR0002435,MER002435,SYNTH_MERCHANT_02435,ENTERTAINMENT,IN,LOW,2022-10-09,ACTIVE,INR
MERR0002437,MER002437,SYNTH_MERCHANT_02437,ELECTRONICS,IN,MEDIUM,2022-04-15,ACTIVE,INR
MERR0002438,MER002438,SYNTH_MERCHANT_02438,EDUCATION,SG,LOW,2024-06-22,ACTIVE,SGD
MERR0002440,MER002440,SYNTH_MERCHANT_02440,FUEL,IN,MEDIUM,2022-04-26,ACTIVE,INR
MERR0002446,MER002446,SYNTH_MERCHANT_02446,ELECTRONICS,IN,LOW,2024-09-23,ACTIVE,INR
MERR0002452,MER002452,SYNTH_MERCHANT_02452,FUEL,SG,LOW,2024-04-22,ACTIVE,SGD
MERR0002455,MER002455,SYNTH_MERCHANT_02455,TRAVEL,IN,LOW,2022-09-09,ACTIVE,INR
MERR0002458,MER002458,SYNTH_MERCHANT_02458,FUEL,US,MEDIUM,2025-06-08,ACTIVE,USD
MERR0002463,MER002463,SYNTH_MERCHANT_02463,HEALTHCARE,IN,MEDIUM,2023-08-02,ACTIVE,INR
MERR0002473,MER002473,SYNTH_MERCHANT_02473,TRAVEL,IN,LOW,2021-12-15,ACTIVE,INR
MERR0002480,MER002480,SYNTH_MERCHANT_02480,DINING,GB,MEDIUM,2021-07-07,ACTIVE,GBP
MERR0002481,MER002481,SYNTH_MERCHANT_02481,GROCERY,IN,MEDIUM,2021-03-04,ACTIVE,INR
MERR0002484,MER002484,SYNTH_MERCHANT_02484,TRAVEL,GB,LOW,2021-10-20,ACTIVE,GBP
MERR0002487,MER002487,SYNTH_MERCHANT_02487,EDUCATION,IN,LOW,2024-07-16,ACTIVE,INR
MERR0002490,MER002490,SYNTH_MERCHANT_02490,ENTERTAINMENT,IN,LOW,2022-09-09,ACTIVE,INR
MERR0002491,MER002491,SYNTH_MERCHANT_02491,EDUCATION,IN,MEDIUM,2022-11-25,ACTIVE,INR
MERR0002493,MER002493,SYNTH_MERCHANT_02493,ELECTRONICS,IN,MEDIUM,2024-10-17,ACTIVE,INR
MERR0002495,MER002495,SYNTH_MERCHANT_02495,DINING,IN,MEDIUM,2021-09-20,ACTIVE,INR
MERR0002507,MER002507,SYNTH_MERCHANT_02507,HEALTHCARE,IN,LOW,2021-09-17,ACTIVE,INR
MERR0002509,MER002509,SYNTH_MERCHANT_02509,UTILITIES,IN,LOW,2024-03-30,ACTIVE,INR
MERR0002510,MER002510,SYNTH_MERCHANT_02510,MARKETPLACE,IN,LOW,2024-10-13,ACTIVE,INR
MERR0002512,MER002512,SYNTH_MERCHANT_02512,HEALTHCARE,IN,LOW,2025-08-10,ACTIVE,INR
MERR0002514,MER002514,SYNTH_MERCHANT_02514,TRAVEL,IN,MEDIUM,2022-12-29,ACTIVE,INR
MERR0002520,MER002520,SYNTH_MERCHANT_02520,ENTERTAINMENT,US,LOW,2025-07-08,ACTIVE,USD
MERR0002528,MER002528,SYNTH_MERCHANT_02528,FUEL,IN,LOW,2025-04-11,ACTIVE,INR
MERR0002531,MER002531,SYNTH_MERCHANT_02531,TRAVEL,IN,LOW,2021-06-22,ACTIVE,INR
MERR0002542,MER002542,SYNTH_MERCHANT_02542,ELECTRONICS,GB,LOW,2021-01-03,ACTIVE,GBP
MERR0002543,MER002543,SYNTH_MERCHANT_02543,ENTERTAINMENT,IN,LOW,2022-11-16,ACTIVE,INR
MERR0002547,MER002547,SYNTH_MERCHANT_02547,ENTERTAINMENT,US,LOW,2024-03-26,ACTIVE,USD
MERR0002548,MER002548,SYNTH_MERCHANT_02548,UTILITIES,IN,LOW,2024-10-28,ACTIVE,INR
MERR0002553,MER002553,SYNTH_MERCHANT_02553,DINING,AE,LOW,2022-10-09,ACTIVE,AED
MERR0002559,MER002559,SYNTH_MERCHANT_02559,DINING,IN,MEDIUM,2021-10-21,ACTIVE,INR
MERR0002560,MER002560,SYNTH_MERCHANT_02560,HEALTHCARE,SG,LOW,2023-09-27,ACTIVE,SGD
MERR0002563,MER002563,SYNTH_MERCHANT_02563,ELECTRONICS,IN,LOW,2024-04-12,ACTIVE,INR
MERR0002564,MER002564,SYNTH_MERCHANT_02564,DINING,IN,MEDIUM,2023-01-14,ACTIVE,INR
MERR0002566,MER002566,SYNTH_MERCHANT_02566,FUEL,IN,MEDIUM,2024-12-05,ACTIVE,INR
MERR0002567,MER002567,SYNTH_MERCHANT_02567,UTILITIES,IN,LOW,2022-11-29,ACTIVE,INR
MERR0002573,MER002573,SYNTH_MERCHANT_02573,FUEL,IN,MEDIUM,2021-08-21,ACTIVE,INR
MERR0002577,MER002577,SYNTH_MERCHANT_02577,HEALTHCARE,IN,LOW,2025-05-18,ACTIVE,INR
MERR0002578,MER002578,SYNTH_MERCHANT_02578,GROCERY,IN,HIGH,2022-10-09,ACTIVE,INR
MERR0002586,MER002586,SYNTH_MERCHANT_02586,GROCERY,IN,LOW,2025-01-09,ACTIVE,INR
MERR0002587,MER002587,SYNTH_MERCHANT_02587,GROCERY,GB,LOW,2022-01-26,ACTIVE,GBP
MERR0002591,MER002591,SYNTH_MERCHANT_02591,UTILITIES,IN,LOW,2021-08-11,ACTIVE,INR
MERR0002592,MER002592,SYNTH_MERCHANT_02592,HEALTHCARE,IN,LOW,2024-10-12,ACTIVE,INR
MERR0002595,MER002595,SYNTH_MERCHANT_02595,FUEL,IN,MEDIUM,2021-03-08,ACTIVE,INR
MERR0002597,MER002597,SYNTH_MERCHANT_02597,DINING,IN,LOW,2023-08-15,ACTIVE,INR
MERR0002598,MER002598,SYNTH_MERCHANT_02598,ELECTRONICS,US,MEDIUM,2025-03-20,ACTIVE,USD
MERR0002604,MER002604,SYNTH_MERCHANT_02604,EDUCATION,IN,MEDIUM,2024-11-22,ACTIVE,INR
MERR0002612,MER002612,SYNTH_MERCHANT_02612,TRAVEL,IN,MEDIUM,2024-11-27,ACTIVE,INR
MERR0002614,MER002614,SYNTH_MERCHANT_02614,TRAVEL,IN,MEDIUM,2023-09-05,ACTIVE,INR
MERR0002616,MER002616,SYNTH_MERCHANT_02616,GROCERY,AE,LOW,2022-04-20,ACTIVE,AED
MERR0002617,MER002617,SYNTH_MERCHANT_02617,EDUCATION,GB,LOW,2024-12-16,ACTIVE,GBP
MERR0002618,MER002618,SYNTH_MERCHANT_02618,GROCERY,IN,LOW,2025-08-16,ACTIVE,INR
MERR0002619,MER002619,SYNTH_MERCHANT_02619,MARKETPLACE,IN,MEDIUM,2023-08-14,ACTIVE,INR
MERR0002621,MER002621,SYNTH_MERCHANT_02621,DINING,IN,LOW,2024-01-22,ACTIVE,INR
MERR0002623,MER002623,SYNTH_MERCHANT_02623,MARKETPLACE,AE,LOW,2023-01-11,ACTIVE,AED
MERR0002630,MER002630,SYNTH_MERCHANT_02630,UTILITIES,IN,MEDIUM,2024-01-24,ACTIVE,INR
MERR0002632,MER002632,SYNTH_MERCHANT_02632,ENTERTAINMENT,IN,LOW,2022-02-05,ACTIVE,INR
MERR0002637,MER002637,SYNTH_MERCHANT_02637,DINING,IN,LOW,2021-10-25,ACTIVE,INR
MERR0002640,MER002640,SYNTH_MERCHANT_02640,GROCERY,IN,LOW,2021-01-29,ACTIVE,INR
MERR0002641,MER002641,SYNTH_MERCHANT_02641,TRAVEL,GB,MEDIUM,2021-12-01,ACTIVE,GBP
MERR0002646,MER002646,SYNTH_MERCHANT_02646,HEALTHCARE,SG,LOW,2021-09-30,ACTIVE,SGD
MERR0002649,MER002649,SYNTH_MERCHANT_02649,ELECTRONICS,SG,LOW,2025-07-25,ACTIVE,SGD
MERR0002651,MER002651,SYNTH_MERCHANT_02651,GROCERY,SG,LOW,2022-07-06,ACTIVE,SGD
MERR0002652,MER002652,SYNTH_MERCHANT_02652,MARKETPLACE,IN,LOW,2025-06-06,ACTIVE,INR
MERR0002658,MER002658,SYNTH_MERCHANT_02658,EDUCATION,IN,LOW,2025-10-06,ACTIVE,INR
MERR0002665,MER002665,SYNTH_MERCHANT_02665,ELECTRONICS,IN,MEDIUM,2022-06-14,ACTIVE,INR
MERR0002667,MER002667,SYNTH_MERCHANT_02667,ELECTRONICS,IN,LOW,2025-11-10,ACTIVE,INR
MERR0002668,MER002668,SYNTH_MERCHANT_02668,UTILITIES,IN,LOW,2023-01-28,ACTIVE,INR
MERR0002670,MER002670,SYNTH_MERCHANT_02670,TRAVEL,IN,LOW,2024-06-28,ACTIVE,INR
MERR0002674,MER002674,SYNTH_MERCHANT_02674,GROCERY,IN,MEDIUM,2025-06-11,ACTIVE,INR
MERR0002677,MER002677,SYNTH_MERCHANT_02677,FUEL,IN,LOW,2022-02-21,ACTIVE,INR
MERR0002678,MER002678,SYNTH_MERCHANT_02678,TRAVEL,IN,LOW,2025-06-21,ACTIVE,INR
MERR0002681,MER002681,SYNTH_MERCHANT_02681,UTILITIES,IN,MEDIUM,2025-09-27,ACTIVE,INR
MERR0002686,MER002686,SYNTH_MERCHANT_02686,TRAVEL,IN,LOW,2022-07-19,ACTIVE,INR
MERR0002691,MER002691,SYNTH_MERCHANT_02691,GROCERY,IN,LOW,2021-06-10,ACTIVE,INR
MERR0002692,MER002692,SYNTH_MERCHANT_02692,HEALTHCARE,IN,MEDIUM,2025-07-30,ACTIVE,INR
MERR0002701,MER002701,SYNTH_MERCHANT_02701,UTILITIES,US,LOW,2021-05-01,ACTIVE,USD
MERR0002703,MER002703,SYNTH_MERCHANT_02703,HEALTHCARE,AE,LOW,2023-09-10,ACTIVE,AED
MERR0002709,MER002709,SYNTH_MERCHANT_02709,ELECTRONICS,IN,MEDIUM,2025-09-07,ACTIVE,INR
MERR0002712,MER002712,SYNTH_MERCHANT_02712,ENTERTAINMENT,IN,LOW,2022-03-31,ACTIVE,INR
MERR0002714,MER002714,SYNTH_MERCHANT_02714,FUEL,IN,HIGH,2023-12-01,ACTIVE,INR
MERR0002716,MER002716,SYNTH_MERCHANT_02716,ENTERTAINMENT,IN,LOW,2024-12-29,ACTIVE,INR
MERR0002720,MER002720,SYNTH_MERCHANT_02720,UTILITIES,IN,MEDIUM,2024-01-06,ACTIVE,INR
MERR0002723,MER002723,SYNTH_MERCHANT_02723,DINING,IN,MEDIUM,2023-05-16,ACTIVE,INR
MERR0002725,MER002725,SYNTH_MERCHANT_02725,ELECTRONICS,IN,LOW,2024-12-21,ACTIVE,INR
MERR0002726,MER002726,SYNTH_MERCHANT_02726,FUEL,IN,HIGH,2021-06-24,ACTIVE,INR
MERR0002733,MER002733,SYNTH_MERCHANT_02733,EDUCATION,IN,LOW,2021-01-30,ACTIVE,INR
MERR0002735,MER002735,SYNTH_MERCHANT_02735,EDUCATION,IN,LOW,2022-11-08,ACTIVE,INR
MERR0002736,MER002736,SYNTH_MERCHANT_02736,HEALTHCARE,GB,LOW,2024-10-20,ACTIVE,GBP
MERR0002738,MER002738,SYNTH_MERCHANT_02738,TRAVEL,IN,LOW,2021-01-10,ACTIVE,INR
MERR0002742,MER002742,SYNTH_MERCHANT_02742,DINING,IN,LOW,2021-09-20,ACTIVE,INR
MERR0002755,MER002755,SYNTH_MERCHANT_02755,DINING,US,LOW,2023-06-20,ACTIVE,USD
MERR0002757,MER002757,SYNTH_MERCHANT_02757,UTILITIES,US,MEDIUM,2024-09-25,ACTIVE,USD
MERR0002758,MER002758,SYNTH_MERCHANT_02758,GROCERY,US,LOW,2021-05-22,ACTIVE,USD
MERR0002772,MER002772,SYNTH_MERCHANT_02772,FUEL,IN,MEDIUM,2021-05-09,ACTIVE,INR
MERR0002780,MER002780,SYNTH_MERCHANT_02780,GROCERY,IN,LOW,2024-07-28,ACTIVE,INR
MERR0002781,MER002781,SYNTH_MERCHANT_02781,UTILITIES,IN,LOW,2022-07-06,ACTIVE,INR
MERR0002785,MER002785,SYNTH_MERCHANT_02785,ENTERTAINMENT,US,MEDIUM,2024-09-13,ACTIVE,USD
MERR0002787,MER002787,SYNTH_MERCHANT_02787,MARKETPLACE,IN,MEDIUM,2023-07-06,ACTIVE,INR
MERR0002788,MER002788,SYNTH_MERCHANT_02788,ELECTRONICS,IN,HIGH,2021-12-11,ACTIVE,INR
MERR0002789,MER002789,SYNTH_MERCHANT_02789,EDUCATION,IN,LOW,2022-02-17,ACTIVE,INR
MERR0002790,MER002790,SYNTH_MERCHANT_02790,EDUCATION,IN,LOW,2025-05-16,ACTIVE,INR
MERR0002791,MER002791,SYNTH_MERCHANT_02791,ELECTRONICS,IN,MEDIUM,2024-02-26,ACTIVE,INR
MERR0002798,MER002798,SYNTH_MERCHANT_02798,UTILITIES,IN,LOW,2025-04-02,ACTIVE,INR
